
DROP DATABASE IF EXISTS CRM;

CREATE DATABASE CRM;
USE CRM;


CREATE TABLE Person (
    person_id INT PRIMARY KEY AUTO_INCREMENT,
    first_name VARCHAR(50),
    last_name VARCHAR(50),
    email VARCHAR(100),
    phone VARCHAR(20),
    address VARCHAR(255)
);

CREATE TABLE Employee (
    employee_id INT PRIMARY KEY AUTO_INCREMENT,
    person_id INT,
    job_title VARCHAR(50),
    department VARCHAR(50),
    salary DECIMAL(10,2),
    hire_date DATE,
    FOREIGN KEY (person_id) REFERENCES Person(person_id)
);

CREATE TABLE Customer (
    customer_id INT PRIMARY KEY AUTO_INCREMENT,
    person_id INT,
    company_name VARCHAR(100),
    registration_date DATE,
    total_spent DECIMAL(12,2),
    FOREIGN KEY (person_id) REFERENCES Person(person_id)
);

CREATE TABLE Leads (
  lead_id INT PRIMARY KEY AUTO_INCREMENT,
  name VARCHAR(100) NOT NULL,
  email VARCHAR(100) NOT NULL,
  phone VARCHAR(20),
  source VARCHAR(100),
  status ENUM('New', 'Contacted', 'Qualified', 'Lost') DEFAULT 'New',
  employee_id INT,
  FOREIGN KEY (employee_id) REFERENCES Employee(employee_id)
);


CREATE TABLE Tickets (
  ticket_id INT PRIMARY KEY AUTO_INCREMENT,
  customer_id INT,
  issue_description TEXT,
  status ENUM('Open', 'In Progress', 'Closed') DEFAULT 'Open',
  created_date DATE,
  FOREIGN KEY (customer_id) REFERENCES Customer(customer_id) ON DELETE CASCADE
);



-- Table: Opportunities (sales opportunities)
CREATE TABLE Opportunities (

  opportunity_id INT PRIMARY KEY AUTO_INCREMENT,
  customer_id INT,
  description VARCHAR(200),
  estimated_value DECIMAL(10,2),
  stage ENUM('Prospecting', 'Qualification', 'Proposal', 'Negotiation', 'Closed Won', 'Closed Lost') DEFAULT 'Prospecting',
  created_date DATE,
  FOREIGN KEY (customer_id) REFERENCES Customer(customer_id) ON DELETE CASCADE
);

-- Table: Activities (customer interactions)
CREATE TABLE Activities (
  activity_id INT PRIMARY KEY AUTO_INCREMENT,
  related_type ENUM('Opportunity', 'Campaign', 'Ticket', 'Lead'),
  related_id INT NOT NULL,
  activity_type ENUM('Call', 'Email', 'Meeting', 'Task'),
  activity_date DATE,
  notes TEXT,
   CONSTRAINT fk_related_entity FOREIGN KEY (related_id) REFERENCES Opportunities(opportunity_id) ON DELETE CASCADE
);
ALTER TABLE Activities DROP FOREIGN KEY fk_related_entity;



-- Table: Campaigns (marketing campaigns)
CREATE TABLE Campaigns (
  campaign_id INT PRIMARY KEY AUTO_INCREMENT,
  name VARCHAR(100) NOT NULL,
  start_date DATE,
  end_date DATE,
  budget DECIMAL(10,2),
  employee_id INT,
  FOREIGN KEY (employee_id) REFERENCES Employee(employee_id)
);

CREATE TABLE Accounts (
  account_id INT PRIMARY KEY AUTO_INCREMENT,
  customer_id INT,
  account_number VARCHAR(50) NOT NULL UNIQUE,
  creation_date DATE,
  account_type ENUM('Standard', 'Premium'),
  balance DECIMAL(10,2),
  FOREIGN KEY (customer_id) REFERENCES Customer(customer_id) ON DELETE CASCADE
);


-- Drop the existing foreign key constraint
ALTER TABLE Campaigns DROP FOREIGN KEY campaigns_ibfk_1;

-- Recreate the foreign key with ON DELETE CASCADE
ALTER TABLE Campaigns 
ADD CONSTRAINT fk_campaigns_employee 
FOREIGN KEY (employee_id) 
REFERENCES employee(employee_id) 
ON DELETE CASCADE;

-- Drop the existing foreign key constraint
ALTER TABLE Leads DROP FOREIGN KEY leads_ibfk_1;

-- Recreate the foreign key with ON DELETE CASCADE
ALTER TABLE Leads 
ADD CONSTRAINT fk_leads_employee 
FOREIGN KEY (employee_id) 
REFERENCES Employee(employee_id) 
ON DELETE CASCADE;

-- Drop the existing foreign key constraint
ALTER TABLE opportunities DROP FOREIGN KEY opportunities_ibfk_1;

-- Recreate the foreign key with ON DELETE CASCADE
ALTER TABLE opportunities 
ADD CONSTRAINT fk_opportunities_customer 
FOREIGN KEY (customer_id) 
REFERENCES customer(customer_id) 
ON DELETE CASCADE;


-- Drop the existing foreign key constraint
ALTER TABLE tickets DROP FOREIGN KEY tickets_ibfk_1;

-- Recreate the foreign key with ON DELETE CASCADE
ALTER TABLE tickets 
ADD CONSTRAINT fk_tickets_customer 
FOREIGN KEY (customer_id) 
REFERENCES customer(customer_id) 
ON DELETE CASCADE;

-- Drop the existing foreign key constraint
ALTER TABLE accounts DROP FOREIGN KEY accounts_ibfk_1;

-- Recreate the foreign key with ON DELETE CASCADE
ALTER TABLE accounts 
ADD CONSTRAINT fk_accounts_customer 
FOREIGN KEY (customer_id) 
REFERENCES customer(customer_id) 
ON DELETE CASCADE;

-- Insert 200 persons into the Person table
INSERT INTO Person (person_id, first_name, last_name, email, phone, address) VALUES
(1, 'John', 'Doe', 'john.doe@example.com', '555-0101', '123 Elm St, Springfield'),
(2, 'Jane', 'Smith', 'jane.smith@example.com', '555-0102', '456 Oak St, Shelbyville'),
(3, 'Michael', 'Johnson', 'michael.johnson@example.com', '555-0103', '789 Pine St, Capital City'),
(4, 'Emily', 'Williams', 'emily.williams@example.com', '555-0104', '101 Maple St, Ogdenville'),
(5, 'David', 'Brown', 'david.brown@example.com', '555-0105', '202 Birch St, North Haverbrook'),
(6, 'Sarah', 'Jones', 'sarah.jones@example.com', '555-0106', '303 Cedar St, Brockway'),
(7, 'James', 'Garcia', 'james.garcia@example.com', '555-0107', '404 Walnut St, Springfield'),
(8, 'Linda', 'Martinez', 'linda.martinez@example.com', '555-0108', '505 Cherry St, Shelbyville'),
(9, 'Robert', 'Hernandez', 'robert.hernandez@example.com', '555-0109', '606 Spruce St, Capital City'),
(10, 'Mary', 'Lopez', 'mary.lopez@example.com', '555-0110', '707 Ash St, Ogdenville'),
(11, 'William', 'Gonzalez', 'william.gonzalez@example.com', '555-0111', '808 Poplar St, North Haverbrook'),
(12, 'Elizabeth', 'Wilson', 'elizabeth.wilson@example.com', '555-0112', '909 Fir St, Brockway'),
(13, 'Joseph', 'Anderson', 'joseph.anderson@example.com', '555-0113', '111 Pineapple St, Springfield'),
(14, 'Patricia', 'Thomas', 'patricia.thomas@example.com', '555-0114', '222 Banana St, Shelbyville'),
(15, 'Charles', 'Taylor', 'charles.taylor@example.com', '555-0115', '333 Orange St, Capital City'),
(16, 'Jennifer', 'Moore', 'jennifer.moore@example.com', '555-0116', '444 Grape St, Ogdenville'),
(17, 'Thomas', 'Jackson', 'thomas.jackson@example.com', '555-0117', '555 Peach St, North Haverbrook'),
(18, 'Maria', 'Lee', 'maria.lee@example.com', '555-0118', '666 Plum St, Brockway'),
(19, 'Christopher', 'Perez', 'christopher.perez@example.com', '555-0119', '777 Pear St, Springfield'),
(20, 'Susan', 'White', 'susan.white@example.com', '555-0120', '888 Apple St, Shelbyville'),
(21, 'Daniel', 'Harris', 'daniel.harris@example.com', '555-0121', '999 Kiwi St, Capital City'),
(22, 'Margaret', 'Clark', 'margaret.clark@example.com', '555-0122', '1010 Mango St, Ogdenville'),
(23, 'Matthew', 'Lewis', 'matthew.lewis@example.com', '555-0123', '1111 Papaya St, North Haverbrook'),
(24, 'Karen', 'Robinson', 'karen.robinson@example.com', '555-0124', '1212 Guava St, Brockway'),
(25, 'Anthony', 'Walker', 'anthony.walker@example.com', '555-0125', '1313 Lime St, Springfield'),
(26, 'Nancy', 'Young', 'nancy.young@example.com', '555-0126', '1414 Lemon St, Shelbyville'),
(27, 'Mark', 'Allen', 'mark.allen@example.com', '555-0127', '1515 Berry St, Capital City'),
(28, 'Betty', 'King', 'betty.king@example.com', '555-0128', '1616 Melon St, Ogdenville'),
(29, 'Donald', 'Wright', 'donald.wright@example.com', '555-0129', '1717 Fig St, North Haverbrook'),
(30, 'Dorothy', 'Scott', 'dorothy.scott@example.com', '555-0130', '1818 Date St, Brockway'),
(31, 'Paul', 'Torres', 'paul.torres@example.com', '555-0131', '1919 Apricot St, Springfield'),
(32, 'Sandra', 'Nguyen', 'sandra.nguyen@example.com', '555-0132', '2020 Coconut St, Shelbyville'),
(33, 'Steven', 'Hill', 'steven.hill@example.com', '555-0133', '2121 Avocado St, Capital City'),
(34, 'Carol', 'Flores', 'carol.flores@example.com', '555-0134', '2222 Pomegranate St, Ogdenville'),
(35, 'Andrew', 'Green', 'andrew.green@example.com', '555-0135', '2323 Dragonfruit St, North Haverbrook'),
(36, 'Ruth', 'Adams', 'ruth.adams@example.com', '555-0136', '2424 Passionfruit St, Brockway'),
(37, 'Joshua', 'Baker', 'joshua.baker@example.com', '555-0137', '2525 Starfruit St, Springfield'),
(38, 'Sharon', 'Rivera', 'sharon.rivera@example.com', '555-0138', '2626 Lychee St, Shelbyville'),
(39, 'Kevin', 'Campbell', 'kevin.campbell@example.com', '555-0139', '2727 Rambutan St, Capital City'),
(40, 'Laura', 'Mitchell', 'laura.mitchell@example.com', '555-0140', '2828 Jackfruit St, Ogdenville'),
(41, 'Brian', 'Carter', 'brian.carter@example.com', '555-0141', '2929 Durian St, North Haverbrook'),
(42, 'Amy', 'Roberts', 'amy.roberts@example.com', '555-0142', '3030 Mangosteen St, Brockway'),
(43, 'Edward', 'Gomez', 'edward.gomez@example.com', '555-0143', '3131 Persimmon St, Springfield'),
(44, 'Donna', 'Phillips', 'donna.phillips@example.com', '555-0144', '3232 Breadfruit St, Shelbyville'),
(45, 'Ronald', 'Evans', 'ronald.evans@example.com', '555-0145', '3333 Soursop St, Capital City'),
(46, 'Michelle', 'Turner', 'michelle.turner@example.com', '555-0146', '3434 Kiwano St, Ogdenville'),
(47, 'Jason', 'Diaz', 'jason.diaz@example.com', '555-0147', '3535 Feijoa St, North Haverbrook'),
(48, 'Melissa', 'Parker', 'melissa.parker@example.com', '555-0148', '3636 Tamarillo St, Brockway'),
(49, 'Jeffrey', 'Cruz', 'jeffrey.cruz@example.com', '555-0149', '3737 Carambola St, Springfield'),
(50, 'Deborah', 'Edwards', 'deborah.edwards@example.com', '555-0150', '3838 Cherimoya St, Shelbyville'),
(51, 'Frank', 'Collins', 'frank.collins@example.com', '555-0151', '3939 Atemoya St, Capital City'),
(52, 'Helen', 'Reyes', 'helen.reyes@example.com', '555-0152', '4040 Pepino St, Ogdenville'),
(53, 'Gary', 'Stewart', 'gary.stewart@example.com', '555-0153', '4141 Salak St, North Haverbrook'),
(54, 'Anna', 'Morris', 'anna.morris@example.com', '555-0154', '4242 Langsat St, Brockway'),
(55, 'Ryan', 'Murphy', 'ryan.murphy@example.com', '555-0155', '4343 Longan St, Springfield'),
(56, 'Brenda', 'Cook', 'brenda.cook@example.com', '555-0156', '4444 Santol St, Shelbyville'),
(57, 'Nicholas', 'Rogers', 'nicholas.rogers@example.com', '555-0157', '4545 Snakefruit St, Capital City'),
(58, 'Pamela', 'Morgan', 'pamela.morgan@example.com', '555-0158', '4646 Sugar Apple St, Ogdenville'),
(59, 'Eric', 'Peterson', 'eric.peterson@example.com', '555-0159', '4747 Tamarind St, North Haverbrook'),
(60, 'Angela', 'Cooper', 'angela.cooper@example.com', '555-0160', '4848 Watermelon St, Brockway'),
(61, 'Jonathan', 'Reed', 'jonathan.reed@example.com', '555-0161', '4949 Yuzu St, Springfield'),
(62, 'Rebecca', 'Bailey', 'rebecca.bailey@example.com', '555-0162', '5050 Zucchini St, Shelbyville'),
(63, 'Timothy', 'Bell', 'timothy.bell@example.com', '555-0163', '5151 Ackee St, Capital City'),
(64, 'Shirley', 'Gonzales', 'shirley.gonzales@example.com', '555-0164', '5252 Bilberry St, Ogdenville'),
(65, 'Benjamin', 'Nelson', 'benjamin.nelson@example.com', '555-0165', '5353 Blackcurrant St, North Haverbrook'),
(66, 'Cynthia', 'Carter', 'cynthia.carter@example.com', '555-0166', '5454 Boysenberry St, Brockway'),
(67, 'Samuel', 'Mitchell', 'samuel.mitchell@example.com', '555-0167', '5555 Cantaloupe St, Springfield'),
(68, 'Kathleen', 'Perez', 'kathleen.perez@example.com', '555-0168', '5656 Cloudberry St, Shelbyville'),
(69, 'Patrick', 'Roberts', 'patrick.roberts@example.com', '555-0169', '5757 Elderberry St, Capital City'),
(70, 'Amy', 'Turner', 'amy.turner@example.com', '555-0170', '5858 Gooseberry St, Ogdenville'),
(71, 'Gregory', 'Phillips', 'gregory.phillips@example.com', '555-0171', '5959 Honeydew St, North Haverbrook'),
(72, 'Emma', 'Campbell', 'emma.campbell@example.com', '555-0172', '6060 Huckleberry St, Brockway'),
(73, 'Jerry', 'Parker', 'jerry.parker@example.com', '555-0173', '6161 Jackfruit St, Springfield'),
(74, 'Andrea', 'Evans', 'andrea.evans@example.com', '555-0174', '6262 Kiwano St, Shelbyville'),
(75, 'Dennis', 'Edwards', 'dennis.edwards@example.com', '555-0175', '6363 Loganberry St, Capital City'),
(76, 'Martha', 'Collins', 'martha.collins@example.com', '555-0176', '6464 Mulberry St, Ogdenville'),
(77, 'Terry', 'Stewart', 'terry.stewart@example.com', '555-0177', '6565 Nectarine St, North Haverbrook'),
(78, 'Carolyn', 'Sanchez', 'carolyn.sanchez@example.com', '555-0178', '6666 Olive St, Brockway'),
(79, 'Douglas', 'Morris', 'douglas.morris@example.com', '555-0179', '6767 Papaya St, Springfield'),
(80, 'Rachel', 'Rogers', 'rachel.rogers@example.com', '555-0180', '6868 Quince St, Shelbyville'),
(81, 'Keith', 'Reed', 'keith.reed@example.com', '555-0181', '6969 Raspberry St, Capital City'),
(82, 'Janet', 'Cook', 'janet.cook@example.com', '555-0182', '7070 Strawberry St, Ogdenville'),
(83, 'Peter', 'Morgan', 'peter.morgan@example.com', '555-0183', '7171 Tangerine St, North Haverbrook'),
(84, 'Maria', 'Bell', 'maria.bell@example.com', '555-0184', '7272 Ugli Fruit St, Brockway'),
(85, 'Walter', 'Murphy', 'walter.murphy@example.com', '555-0185', '7373 Vanilla St, Springfield'),
(86, 'Debra', 'Bailey', 'debra.bailey@example.com', '555-0186', '7474 Watercress St, Shelbyville'),
(87, 'Arthur', 'Rivera', 'arthur.rivera@example.com', '555-0187', '7575 Xigua St, Capital City'),
(88, 'Victoria', 'Cooper', 'victoria.cooper@example.com', '555-0188', '7676 Yumberry St, Ogdenville'),
(89, 'Henry', 'Richardson', 'henry.richardson@example.com', '555-0189', '7777 Zucchini St, North Haverbrook'),
(90, 'Judith', 'Cox', 'judith.cox@example.com', '555-0190', '7878 Ackee St, Brockway'),
(91, 'Carl', 'Howard', 'carl.howard@example.com', '555-0191', '7979 Bilberry St, Springfield'),
(92, 'Beverly', 'Ward', 'beverly.ward@example.com', '555-0192', '8080 Blackcurrant St, Shelbyville'),
(93, 'Roy', 'Torres', 'roy.torres@example.com', '555-0193', '8181 Boysenberry St, Capital City'),
(94, 'Denise', 'Peterson', 'denise.peterson@example.com', '555-0194', '8282 Cantaloupe St, Ogdenville'),
(95, 'Ralph', 'Gray', 'ralph.gray@example.com', '555-0195', '8383 Cloudberry St, North Haverbrook'),
(96, 'Evelyn', 'Ramirez', 'evelyn.ramirez@example.com', '555-0196', '8484 Elderberry St, Brockway'),
(97, 'Billy', 'James', 'billy.james@example.com', '555-0197', '8585 Gooseberry St, Springfield'),
(98, 'Diana', 'Watson', 'diana.watson@example.com', '555-0198', '8686 Honeydew St, Shelbyville'),
(99, 'Brandon', 'Brooks', 'brandon.brooks@example.com', '555-0199', '8787 Huckleberry St, Capital City'),
(100, 'Julie', 'Kelly', 'julie.kelly@example.com', '555-0200', '8888 Jackfruit St, Ogdenville'),

(101, 'Alice', 'Gonzalez', 'alice.gonzalez@example.com', '555-0201', '8989 Kiwano St, North Haverbrook'),
(102, 'Brian', 'Hughes', 'brian.hughes@example.com', '555-0202', '9090 Loganberry St, Brockway'),
(103, 'Catherine', 'Bryant', 'catherine.bryant@example.com', '555-0203', '9191 Mulberry St, Springfield'),
(104, 'Dylan', 'Alexander', 'dylan.alexander@example.com', '555-0204', '9292 Nectarine St, Shelbyville'),
(105, 'Eva', 'Russell', 'eva.russell@example.com', '555-0205', '9393 Olive St, Capital City'),
(106, 'Frank', 'Griffin', 'frank.griffin@example.com', '555-0206', '9494 Papaya St, Ogdenville'),
(107, 'Grace', 'Diaz', 'grace.diaz@example.com', '555-0207', '9595 Quince St, North Haverbrook'),
(108, 'Henry', 'Hayes', 'henry.hayes@example.com', '555-0208', '9696 Raspberry St, Brockway'),
(109, 'Isabella', 'Ford', 'isabella.ford@example.com', '555-0209', '9797 Strawberry St, Springfield'),
(110, 'Jack', 'Hamilton', 'jack.hamilton@example.com', '555-0210', '9898 Tangerine St, Shelbyville'),
(111, 'Karen', 'Graham', 'karen.graham@example.com', '555-0211', '9999 Ugli Fruit St, Capital City'),
(112, 'Liam', 'Sullivan', 'liam.sullivan@example.com', '555-0212', '1000 Vanilla St, Ogdenville'),
(113, 'Mia', 'Wallace', 'mia.wallace@example.com', '555-0213', '1001 Watercress St, North Haverbrook'),
(114, 'Noah', 'Woods', 'noah.woods@example.com', '555-0214', '1002 Xigua St, Brockway'),
(115, 'Olivia', 'Cole', 'olivia.cole@example.com', '555-0215', '1003 Yumberry St, Springfield'),
(116, 'Peter', 'West', 'peter.west@example.com', '555-0216', '1004 Zucchini St, Shelbyville'),
(117, 'Quinn', 'Jordan', 'quinn.jordan@example.com', '555-0217', '1005 Ackee St, Capital City'),
(118, 'Rachel', 'Owens', 'rachel.owens@example.com', '555-0218', '1006 Bilberry St, Ogdenville'),
(119, 'Samuel', 'Fisher', 'samuel.fisher@example.com', '555-0219', '1007 Blackcurrant St, North Haverbrook'),
(120, 'Tina', 'Ellis', 'tina.ellis@example.com', '555-0220', '1008 Boysenberry St, Brockway'),
(121, 'Uma', 'Harrison', 'uma.harrison@example.com', '555-0221', '1009 Cantaloupe St, Springfield'),
(122, 'Victor', 'Gibson', 'victor.gibson@example.com', '555-0222', '1010 Cloudberry St, Shelbyville'),
(123, 'Wendy', 'Mcdonald', 'wendy.mcdonald@example.com', '555-0223', '1011 Elderberry St, Capital City'),
(124, 'Xander', 'Cruz', 'xander.cruz@example.com', '555-0224', '1012 Gooseberry St, Ogdenville'),
(125, 'Yara', 'Marshall', 'yara.marshall@example.com', '555-0225', '1013 Honeydew St, North Haverbrook'),
(126, 'Zack', 'Ortiz', 'zack.ortiz@example.com', '555-0226', '1014 Huckleberry St, Brockway'),
(127, 'Ava', 'Gomez', 'ava.gomez@example.com', '555-0227', '1015 Jackfruit St, Springfield'),
(128, 'Blake', 'Murray', 'blake.murray@example.com', '555-0228', '1016 Kiwano St, Shelbyville'),
(129, 'Cara', 'Freeman', 'cara.freeman@example.com', '555-0229', '1017 Loganberry St, Capital City'),
(130, 'Derek', 'Wells', 'derek.wells@example.com', '555-0230', '1018 Mulberry St, Ogdenville'),
(131, 'Ella', 'Webb', 'ella.webb@example.com', '555-0231', '1019 Nectarine St, North Haverbrook'),
(132, 'Felix', 'Simpson', 'felix.simpson@example.com', '555-0232', '1020 Olive St, Brockway'),
(133, 'Gina', 'Stevens', 'gina.stevens@example.com', '555-0233', '1021 Papaya St, Springfield'),
(134, 'Hank', 'Tucker', 'hank.tucker@example.com', '555-0234', '1022 Quince St, Shelbyville'),
(135, 'Ivy', 'Porter', 'ivy.porter@example.com', '555-0235', '1023 Raspberry St, Capital City'),
(136, 'Jake', 'Hunter', 'jake.hunter@example.com', '555-0236', '1024 Strawberry St, Ogdenville'),
(137, 'Kara', 'Hicks', 'kara.hicks@example.com', '555-0237', '1025 Tangerine St, North Haverbrook'),
(138, 'Leo', 'Crawford', 'leo.crawford@example.com', '555-0238', '1026 Ugli Fruit St, Brockway'),
(139, 'Mona', 'Henry', 'mona.henry@example.com', '555-0239', '1027 Vanilla St, Springfield'),
(140, 'Nate', 'Boyd', 'nate.boyd@example.com', '555-0240', '1028 Watercress St, Shelbyville'),
(141, 'Oscar', 'Mason', 'oscar.mason@example.com', '555-0241', '1029 Xigua St, Capital City'),
(142, 'Penny', 'Morales', 'penny.morales@example.com', '555-0242', '1030 Yumberry St, Ogdenville'),
(143, 'Quincy', 'Kennedy', 'quincy.kennedy@example.com', '555-0243', '1031 Zucchini St, North Haverbrook'),
(144, 'Rita', 'Warren', 'rita.warren@example.com', '555-0244', '1032 Ackee St, Brockway'),
(145, 'Steve', 'Dixon', 'steve.dixon@example.com', '555-0245', '1033 Bilberry St, Springfield'),
(146, 'Tara', 'Ramos', 'tara.ramos@example.com', '555-0246', '1034 Blackcurrant St, Shelbyville'),
(147, 'Umar', 'Reyes', 'umar.reyes@example.com', '555-0247', '1035 Boysenberry St, Capital City'),
(148, 'Vera', 'Burns', 'vera.burns@example.com', '555-0248', '1036 Cantaloupe St, Ogdenville'),
(149, 'Wade', 'Gordon', 'wade.gordon@example.com', '555-0249', '1037 Cloudberry St, North Haverbrook'),
(150, 'Xena', 'Shaw', 'xena.shaw@example.com', '555-0250', '1038 Elderberry St, Brockway'),
(151, 'Yvonne', 'Holmes', 'yvonne.holmes@example.com', '555-0251', '1039 Gooseberry St, Springfield'),
(152, 'Zane', 'Rice', 'zane.rice@example.com', '555-0252', '1040 Honeydew St, Shelbyville'),
(153, 'Aiden', 'Robertson', 'aiden.robertson@example.com', '555-0253', '1041 Huckleberry St, Capital City'),
(154, 'Bella', 'Hunt', 'bella.hunt@example.com', '555-0254', '1042 Jackfruit St, Ogdenville'),
(155, 'Cody', 'Black', 'cody.black@example.com', '555-0255', '1043 Kiwano St, North Haverbrook'),
(156, 'Daisy', 'Daniels', 'daisy.daniels@example.com', '555-0256', '1044 Loganberry St, Brockway'),
(157, 'Eli', 'Palmer', 'eli.palmer@example.com', '555-0257', '1045 Mulberry St, Springfield'),
(158, 'Fiona', 'Mills', 'fiona.mills@example.com', '555-0258', '1046 Nectarine St, Shelbyville'),
(159, 'Gabe', 'Nichols', 'gabe.nichols@example.com', '555-0259', '1047 Olive St, Capital City'),
(160, 'Hazel', 'Grant', 'hazel.grant@example.com', '555-0260', '1048 Papaya St, Ogdenville'),
(161, 'Ira', 'Knight', 'ira.knight@example.com', '555-0261', '1049 Quince St, North Haverbrook'),
(162, 'Jill', 'Ferguson', 'jill.ferguson@example.com', '555-0262', '1050 Raspberry St, Brockway'),
(163, 'Kurt', 'Rose', 'kurt.rose@example.com', '555-0263', '1051 Strawberry St, Springfield'),
(164, 'Lana', 'Stone', 'lana.stone@example.com', '555-0264', '1052 Tangerine St, Shelbyville'),
(165, 'Miles', 'Hawkins', 'miles.hawkins@example.com', '555-0265', '1053 Ugli Fruit St, Capital City'),
(166, 'Nina', 'Dunn', 'nina.dunn@example.com', '555-0266', '1054 Vanilla St, Ogdenville'),
(167, 'Owen', 'Perkins', 'owen.perkins@example.com', '555-0267', '1055 Watercress St, North Haverbrook'),
(168, 'Paige', 'Hudson', 'paige.hudson@example.com', '555-0268', '1056 Xigua St, Brockway'),
(169, 'Quinn', 'Spencer', 'quinn.spencer@example.com', '555-0269', '1057 Yumberry St, Springfield'),
(170, 'Rex', 'Gardner', 'rex.gardner@example.com', '555-0270', '1058 Zucchini St, Shelbyville'),
(171, 'Sadie', 'Stephens', 'sadie.stephens@example.com', '555-0271', '1059 Ackee St, Capital City'),
(172, 'Toby', 'Payne', 'toby.payne@example.com', '555-0272', '1060 Bilberry St, Ogdenville'),
(173, 'Uma', 'Pierce', 'uma.pierce@example.com', '555-0273', '1061 Blackcurrant St, North Haverbrook'),
(174, 'Vince', 'Berry', 'vince.berry@example.com', '555-0274', '1062 Boysenberry St, Brockway'),
(175, 'Willa', 'Matthews', 'willa.matthews@example.com', '555-0275', '1063 Cantaloupe St, Springfield'),
(176, 'Xander', 'Arnold', 'xander.arnold@example.com', '555-0276', '1064 Cloudberry St, Shelbyville'),
(177, 'Yara', 'Wagner', 'yara.wagner@example.com', '555-0277', '1065 Elderberry St, Capital City'),
(178, 'Zeke', 'Willis', 'zeke.willis@example.com', '555-0278', '1066 Gooseberry St, Ogdenville'),
(179, 'Avery', 'Harper', 'avery.harper@example.com', '555-0279', '1067 Honeydew St, North Haverbrook'),
(180, 'Brianna', 'Fox', 'brianna.fox@example.com', '555-0280', '1068 Huckleberry St, Brockway'),
(181, 'Caden', 'Riley', 'caden.riley@example.com', '555-0281', '1069 Jackfruit St, Springfield'),
(182, 'Diana', 'Armstrong', 'diana.armstrong@example.com', '555-0282', '1070 Kiwano St, Shelbyville'),
(183, 'Ethan', 'Carpenter', 'ethan.carpenter@example.com', '555-0283', '1071 Loganberry St, Capital City'),
(184, 'Faith', 'Weaver', 'faith.weaver@example.com', '555-0284', '1072 Mulberry St, Ogdenville'),
(185, 'Gavin', 'Greene', 'gavin.greene@example.com', '555-0285', '1073 Nectarine St, North Haverbrook'),
(186, 'Holly', 'Lawrence', 'holly.lawrence@example.com', '555-0286', '1074 Olive St, Brockway'),
(187, 'Ian', 'Elliott', 'ian.elliott@example.com', '555-0287', '1075 Papaya St, Springfield'),
(188, 'Jenna', 'Chavez', 'jenna.chavez@example.com', '555-0288', '1076 Quince St, Shelbyville'),
(189, 'Kai', 'Sims', 'kai.sims@example.com', '555-0289', '1077 Raspberry St, Capital City'),
(190, 'Lila', 'Austin', 'lila.austin@example.com', '555-0290', '1078 Strawberry St, Ogdenville'),
(191, 'Mason', 'Peters', 'mason.peters@example.com', '555-0291', '1079 Tangerine St, North Haverbrook'),
(192, 'Nora', 'Kelley', 'nora.kelley@example.com', '555-0292', '1080 Ugli Fruit St, Brockway'),
(193, 'Omar', 'Franklin', 'omar.franklin@example.com', '555-0293', '1081 Vanilla St, Springfield'),
(194, 'Piper', 'Lawson', 'piper.lawson@example.com', '555-0294', '1082 Watercress St, Shelbyville'),
(195, 'Quincy', 'Fields', 'quincy.fields@example.com', '555-0295', '1083 Xigua St, Capital City'),
(196, 'Riley', 'Gutierrez', 'riley.gutierrez@example.com', '555-0296', '1084 Yumberry St, Ogdenville'),
(197, 'Sawyer', 'Ryan', 'sawyer.ryan@example.com', '555-0297', '1085 Zucchini St, North Haverbrook'),
(198, 'Tessa', 'Schmidt', 'tessa.schmidt@example.com', '555-0298', '1086 Ackee St, Brockway'),
(199, 'Uriah', 'Carr', 'uriah.carr@example.com', '555-0299', '1087 Bilberry St, Springfield'),
(200, 'Violet', 'Vasquez', 'violet.vasquez@example.com', '555-0300', '1088 Blackcurrant St, Shelbyville');



-- Insert 50 employees into the Employee table
INSERT INTO Employee (employee_id, person_id, job_title, department, salary, hire_date) VALUES
(1, 101, 'Software Engineer', 'IT', 75000.00, '2022-06-15'),
(2, 102, 'Project Manager', 'IT', 90000.00, '2021-04-20'),
(3, 103, 'Data Analyst', 'Data Science', 68000.00, '2023-01-10'),
(4, 104, 'HR Specialist', 'Human Resources', 60000.00, '2020-09-05'),
(5, 105, 'Marketing Manager', 'Marketing', 80000.00, '2019-03-25'),
(6, 106, 'Sales Executive', 'Sales', 55000.00, '2021-03-25'),
(7, 107, 'Software Engineer', 'IT', 78000.00, '2022-08-10'),
(8, 108, 'Database Administrator', 'IT', 82000.00, '2020-11-12'),
(9, 109, 'Network Engineer', 'IT', 72000.00, '2018-06-18'),
(10, 110, 'Finance Analyst', 'Finance', 65000.00, '2022-02-22'),
(11, 111, 'Business Analyst', 'Business', 70000.00, '2023-05-15'),
(12, 112, 'Cybersecurity Specialist', 'IT', 87000.00, '2019-10-10'),
(13, 113, 'Product Manager', 'Product', 95000.00, '2021-09-25'),
(14, 114, 'Accountant', 'Finance', 62000.00, '2017-12-05'),
(15, 115, 'UI/UX Designer', 'Design', 73000.00, '2020-07-08'),
(16, 116, 'Software Developer', 'IT', 76000.00, '2023-03-10'),
(17, 117, 'Legal Advisor', 'Legal', 89000.00, '2016-05-30'),
(18, 118, 'HR Manager', 'Human Resources', 83000.00, '2019-11-22'),
(19, 119, 'Data Engineer', 'Data Science', 88000.00, '2021-01-15'),
(20, 120, 'Mechanical Engineer', 'Engineering', 72000.00, '2018-08-05'),
(21, 121, 'Electrical Engineer', 'Engineering', 74000.00, '2019-10-19'),
(22, 122, 'Marketing Analyst', 'Marketing', 69000.00, '2022-06-01'),
(23, 123, 'Operations Manager', 'Operations', 92000.00, '2015-07-14'),
(24, 124, 'Software Architect', 'IT', 110000.00, '2016-09-10'),
(25, 125, 'Security Analyst', 'Security', 81000.00, '2020-04-28'),
(26, 126, 'Customer Support Specialist', 'Customer Service', 48000.00, '2021-12-12'),
(27, 127, 'DevOps Engineer', 'IT', 87000.00, '2023-01-30'),
(28, 128, 'Sales Manager', 'Sales', 84000.00, '2019-06-05'),
(29, 129, 'AI Engineer', 'Data Science', 97000.00, '2022-09-21'),
(30, 130, 'Data Scientist', 'Data Science', 102000.00, '2021-03-17'),
(31, 131, 'Technical Support Engineer', 'IT', 65000.00, '2023-07-12'),
(32, 132, 'Cloud Engineer', 'IT', 92000.00, '2020-02-20'),
(33, 133, 'Research Scientist', 'R&D', 98000.00, '2017-08-09'),
(34, 134, 'Financial Controller', 'Finance', 105000.00, '2015-06-30'),
(35, 135, 'Full Stack Developer', 'IT', 86000.00, '2019-09-01'),
(36, 136, 'Graphic Designer', 'Design', 58000.00, '2021-05-18'),
(37, 137, 'Quality Assurance Engineer', 'IT', 72000.00, '2023-04-02'),
(38, 138, 'Operations Coordinator', 'Operations', 67000.00, '2018-03-21'),
(39, 139, 'Recruitment Specialist', 'Human Resources', 63000.00, '2020-08-14'),
(40, 140, 'Backend Developer', 'IT', 79000.00, '2022-12-11'),
(41, 141, 'Frontend Developer', 'IT', 77000.00, '2023-02-25'),
(42, 142, 'AI Researcher', 'Data Science', 99000.00, '2021-01-05'),
(43, 143, 'System Administrator', 'IT', 85000.00, '2018-09-28'),
(44, 144, 'Embedded Systems Engineer', 'Engineering', 90000.00, '2017-07-07'),
(45, 145, 'Blockchain Developer', 'IT', 95000.00, '2022-11-03'),
(46, 146, 'Business Consultant', 'Consulting', 88000.00, '2020-10-10'),
(47, 147, 'SEO Specialist', 'Marketing', 73000.00, '2019-12-12'),
(48, 148, 'Digital Marketing Manager', 'Marketing', 91000.00, '2016-04-15'),
(49, 149, 'Scrum Master', 'IT', 87000.00, '2023-06-20'),
(50, 150, 'Automation Engineer', 'Engineering', 82000.00, '2021-07-22');

-- Insert 100 customers into the Customer table
INSERT INTO Customer (customer_id, person_id, company_name, registration_date, total_spent) VALUES
(1, 1, 'Tech Solutions Ltd.', '2022-05-10', 15000.50),
(2, 2, 'Green Energy Inc.', '2021-03-12', 9800.75),
(3, 3, 'Alpha Software', '2020-07-20', 45000.00),
(4, 4, 'Beta Technologies', '2019-08-05', 12000.00),
(5, 5, 'Smart Home Systems', '2023-01-15', 2500.99),
(6, 6, 'Cloud Solutions Co.', '2018-06-25', 89000.00),
(7, 7, 'Secure Data Corp.', '2022-02-14', 15000.00),
(8, 8, 'AI Innovations', '2017-11-30', 72000.80),
(9, 9, 'NextGen Robotics', '2020-05-08', 36000.55),
(10, 10, 'Finance Experts', '2019-12-22', 13000.45),
(11, 11, 'E-Commerce Express', '2023-02-10', 5500.25),
(12, 12, 'Automotive Parts Ltd.', '2021-07-18', 27000.10),
(13, 13, 'Medical Technologies', '2020-09-29', 8200.30),
(14, 14, 'Eco-Friendly Packaging', '2018-04-10', 9400.00),
(15, 15, 'Solar Power Solutions', '2023-03-11', 12000.75),
(16, 16, 'Gaming World', '2022-08-14', 18000.60),
(17, 17, 'Education Hub', '2019-06-07', 65000.80),
(18, 18, 'Cyber Security Experts', '2021-10-23', 43000.00),
(19, 19, 'AI Research Lab', '2020-12-19', 78000.90),
(20, 20, 'Luxury Fashion House', '2022-09-15', 59000.20),
(21, 21, 'Home Decor and Design', '2019-05-20', 24000.99),
(22, 22, 'Digital Marketing Agency', '2018-03-14', 32000.40),
(23, 23, 'Smart Gadgets', '2023-06-08', 5500.99),
(24, 24, 'Fitness Equipment Co.', '2020-11-17', 12000.75),
(25, 25, '3D Printing Solutions', '2019-01-22', 17000.30),
(26, 26, 'Blockchain Innovations', '2021-04-04', 89000.00),
(27, 27, 'Car Rental Experts', '2022-07-27', 15000.45),
(28, 28, 'Online Bookstore', '2020-05-10', 11000.20),
(29, 29, 'Artificial Intelligence Inc.', '2018-12-12', 76000.00),
(30, 30, 'Software Consulting', '2023-05-28', 37000.50),
(31, 31, 'Retail Chain Ltd.', '2019-10-10', 45000.80),
(32, 32, 'Mobile Solutions', '2020-08-05', 32000.20),
(33, 33, 'Tech Innovators', '2021-09-15', 28000.90),
(34, 34, 'Green Earth Solutions', '2022-04-22', 19000.60),
(35, 35, 'Future Tech Ltd.', '2020-12-01', 67000.30),
(36, 36, 'Health Tech Inc.', '2019-07-19', 54000.70),
(37, 37, 'AI Robotics', '2023-03-05', 89000.40),
(38, 38, 'EcoTech Solutions', '2018-11-11', 23000.10),
(39, 39, 'Smart City Innovations', '2021-02-14', 78000.50),
(40, 40, 'Data Analytics Co.', '2022-06-30', 45000.20),
(41, 41, 'Cloud Innovators', '2020-10-25', 32000.80),
(42, 42, 'AI Health Solutions', '2019-09-12', 67000.90),
(43, 43, 'Green Energy Solutions', '2023-01-18', 54000.30),
(44, 44, 'Tech Titans Ltd.', '2018-05-05', 89000.70),
(45, 45, 'Future Robotics', '2021-12-12', 76000.40),
(46, 46, 'AI Finance Solutions', '2022-08-08', 45000.60),
(47, 47, 'Eco-Friendly Tech', '2020-07-07', 32000.90),
(48, 48, 'Smart Home Innovations', '2019-04-04', 67000.20),
(49, 49, 'AI Education Solutions', '2023-02-02', 54000.80),
(50, 50, 'Green Tech Ltd.', '2018-01-01', 89000.10),
(51, 51, 'AI Automotive Solutions', '2021-06-06', 76000.30),
(52, 52, 'Eco Energy Solutions', '2022-03-03', 45000.70),
(53, 53, 'AI Retail Solutions', '2020-12-12', 32000.40),
(54, 54, 'Smart Agriculture', '2019-09-09', 67000.50),
(55, 55, 'AI Logistics Solutions', '2023-04-04', 54000.60),
(56, 56, 'Green Logistics', '2018-07-07', 89000.20),
(57, 57, 'AI Manufacturing', '2021-10-10', 76000.80),
(58, 58, 'Eco Manufacturing', '2022-05-05', 45000.90),
(59, 59, 'AI Healthcare', '2020-02-02', 32000.70),
(60, 60, 'Smart Healthcare', '2019-11-11', 67000.40),
(61, 61, 'AI Transportation', '2023-06-06', 54000.30),
(62, 62, 'Green Transportation', '2018-09-09', 89000.50),
(63, 63, 'AI Energy Solutions', '2021-04-04', 76000.20),
(64, 64, 'Eco Energy Innovations', '2022-01-01', 45000.80),
(65, 65, 'AI Construction', '2020-08-08', 32000.60),
(66, 66, 'Smart Construction', '2019-05-05', 67000.70),
(67, 67, 'AI Real Estate', '2023-02-02', 54000.40),
(68, 68, 'Green Real Estate', '2018-11-11', 89000.30),
(69, 69, 'AI Agriculture', '2021-06-06', 76000.50),
(70, 70, 'Eco Agriculture', '2022-03-03', 45000.20),
(71, 71, 'AI Retail Innovations', '2020-12-12', 32000.90),
(72, 72, 'Smart Retail Solutions', '2019-09-09', 67000.80),
(73, 73, 'AI Logistics Innovations', '2023-04-04', 54000.70),
(74, 74, 'Green Logistics Solutions', '2018-07-07', 89000.40),
(75, 75, 'AI Manufacturing Innovations', '2021-10-10', 76000.60),
(76, 76, 'Eco Manufacturing Solutions', '2022-05-05', 45000.50),
(77, 77, 'AI Healthcare Innovations', '2020-02-02', 32000.80),
(78, 78, 'Smart Healthcare Solutions', '2019-11-11', 67000.30),
(79, 79, 'AI Transportation Innovations', '2023-06-06', 54000.20),
(80, 80, 'Green Transportation Solutions', '2018-09-09', 89000.70),
(81, 81, 'AI Energy Innovations', '2021-04-04', 76000.40),
(82, 82, 'Eco Energy Solutions', '2022-01-01', 45000.30),
(83, 83, 'AI Construction Innovations', '2020-08-08', 32000.50),
(84, 84, 'Smart Construction Solutions', '2019-05-05', 67000.60),
(85, 85, 'AI Real Estate Innovations', '2023-02-02', 54000.70),
(86, 86, 'Green Real Estate Solutions', '2018-11-11', 89000.80),
(87, 87, 'AI Agriculture Innovations', '2021-06-06', 76000.90),
(88, 88, 'Eco Agriculture Solutions', '2022-03-03', 45000.40),
(89, 89, 'AI Retail Innovations', '2020-12-12', 32000.30),
(90, 90, 'Smart Retail Solutions', '2019-09-09', 67000.20),
(91, 91, 'AI Logistics Innovations', '2023-04-04', 54000.10),
(92, 92, 'Green Logistics Solutions', '2018-07-07', 89000.90),
(93, 93, 'AI Manufacturing Innovations', '2021-10-10', 76000.80),
(94, 94, 'Eco Manufacturing Solutions', '2022-05-05', 45000.70),
(95, 95, 'AI Healthcare Innovations', '2020-02-02', 32000.60),
(96, 96, 'Smart Healthcare Solutions', '2019-11-11', 67000.50),
(97, 97, 'AI Transportation Innovations', '2023-06-06', 54000.40),
(98, 98, 'Green Transportation Solutions', '2018-09-09', 89000.30),
(99, 99, 'AI Energy Innovations', '2021-04-04', 76000.20),
(100, 100, 'Eco Energy Solutions', '2022-01-01', 45000.10);


-- Insert 100 accounts into the Accounts table
INSERT INTO Accounts (account_id, customer_id, account_number, creation_date, account_type, balance) VALUES
(5001, 1, 'ACC1001', '2023-01-15', 'Standard', 5000.00),
(5002, 2, 'ACC1002', '2023-02-10', 'Premium', 12000.00),
(5003, 3, 'ACC1003', '2023-03-05', 'Standard', 7500.00),
(5004, 4, 'ACC1004', '2023-04-20', 'Premium', 15000.00),
(5005, 5, 'ACC1005', '2023-05-12', 'Standard', 3000.00),
(5006, 6, 'ACC1006', '2023-06-18', 'Premium', 20000.00),
(5007, 7, 'ACC1007', '2023-07-22', 'Standard', 4500.00),
(5008, 8, 'ACC1008', '2023-08-30', 'Premium', 18000.00),
(5009, 9, 'ACC1009', '2023-09-05', 'Standard', 6000.00),
(5010, 10, 'ACC1010', '2023-10-10', 'Premium', 25000.00),
(5011, 11, 'ACC1011', '2023-01-20', 'Standard', 5500.00),
(5012, 12, 'ACC1012', '2023-02-15', 'Premium', 13000.00),
(5013, 13, 'ACC1013', '2023-03-10', 'Standard', 8000.00),
(5014, 14, 'ACC1014', '2023-04-25', 'Premium', 16000.00),
(5015, 15, 'ACC1015', '2023-05-17', 'Standard', 3500.00),
(5016, 16, 'ACC1016', '2023-06-23', 'Premium', 21000.00),
(5017, 17, 'ACC1017', '2023-07-27', 'Standard', 5000.00),
(5018, 18, 'ACC1018', '2023-08-05', 'Premium', 19000.00),
(5019, 19, 'ACC1019', '2023-09-10', 'Standard', 6500.00),
(5020, 20, 'ACC1020', '2023-10-15', 'Premium', 26000.00),
(5021, 21, 'ACC1021', '2023-01-25', 'Standard', 6000.00),
(5022, 22, 'ACC1022', '2023-02-20', 'Premium', 14000.00),
(5023, 23, 'ACC1023', '2023-03-15', 'Standard', 8500.00),
(5024, 24, 'ACC1024', '2023-04-30', 'Premium', 17000.00),
(5025, 25, 'ACC1025', '2023-05-22', 'Standard', 4000.00),
(5026, 26, 'ACC1026', '2023-06-28', 'Premium', 22000.00),
(5027, 27, 'ACC1027', '2023-07-31', 'Standard', 5500.00),
(5028, 28, 'ACC1028', '2023-08-10', 'Premium', 20000.00),
(5029, 29, 'ACC1029', '2023-09-15', 'Standard', 7000.00),
(5030, 30, 'ACC1030', '2023-10-20', 'Premium', 27000.00),
(5031, 31, 'ACC1031', '2023-01-30', 'Standard', 6500.00),
(5032, 32, 'ACC1032', '2023-02-25', 'Premium', 15000.00),
(5033, 33, 'ACC1033', '2023-03-20', 'Standard', 9000.00),
(5034, 34, 'ACC1034', '2023-04-05', 'Premium', 18000.00),
(5035, 35, 'ACC1035', '2023-05-27', 'Standard', 4500.00),
(5036, 36, 'ACC1036', '2023-06-30', 'Premium', 23000.00),
(5037, 37, 'ACC1037', '2023-07-05', 'Standard', 6000.00),
(5038, 38, 'ACC1038', '2023-08-15', 'Premium', 21000.00),
(5039, 39, 'ACC1039', '2023-09-20', 'Standard', 7500.00),
(5040, 40, 'ACC1040', '2023-10-25', 'Premium', 28000.00),
(5041, 41, 'ACC1041', '2023-01-05', 'Standard', 7000.00),
(5042, 42, 'ACC1042', '2023-02-01', 'Premium', 16000.00),
(5043, 43, 'ACC1043', '2023-03-25', 'Standard', 9500.00),
(5044, 44, 'ACC1044', '2023-04-10', 'Premium', 19000.00),
(5045, 45, 'ACC1045', '2023-05-30', 'Standard', 5000.00),
(5046, 46, 'ACC1046', '2023-06-05', 'Premium', 24000.00),
(5047, 47, 'ACC1047', '2023-07-10', 'Standard', 6500.00),
(5048, 48, 'ACC1048', '2023-08-20', 'Premium', 22000.00),
(5049, 49, 'ACC1049', '2023-09-25', 'Standard', 8000.00),
(5050, 50, 'ACC1050', '2023-10-30', 'Premium', 29000.00),
(5051, 51, 'ACC1051', '2023-01-10', 'Standard', 7500.00),
(5052, 52, 'ACC1052', '2023-02-05', 'Premium', 17000.00),
(5053, 53, 'ACC1053', '2023-03-30', 'Standard', 10000.00),
(5054, 54, 'ACC1054', '2023-04-15', 'Premium', 20000.00),
(5055, 55, 'ACC1055', '2023-05-01', 'Standard', 5500.00),
(5056, 56, 'ACC1056', '2023-06-10', 'Premium', 25000.00),
(5057, 57, 'ACC1057', '2023-07-15', 'Standard', 7000.00),
(5058, 58, 'ACC1058', '2023-08-25', 'Premium', 23000.00),
(5059, 59, 'ACC1059', '2023-09-30', 'Standard', 8500.00),
(5060, 60, 'ACC1060', '2023-10-05', 'Premium', 30000.00),
(5061, 61, 'ACC1061', '2023-01-15', 'Standard', 8000.00),
(5062, 62, 'ACC1062', '2023-02-10', 'Premium', 18000.00),
(5063, 63, 'ACC1063', '2023-03-05', 'Standard', 10500.00),
(5064, 64, 'ACC1064', '2023-04-20', 'Premium', 21000.00),
(5065, 65, 'ACC1065', '2023-05-12', 'Standard', 6000.00),
(5066, 66, 'ACC1066', '2023-06-18', 'Premium', 26000.00),
(5067, 67, 'ACC1067', '2023-07-22', 'Standard', 7500.00),
(5068, 68, 'ACC1068', '2023-08-30', 'Premium', 24000.00),
(5069, 69, 'ACC1069', '2023-09-05', 'Standard', 9000.00),
(5070, 70, 'ACC1070', '2023-10-10', 'Premium', 31000.00),
(5071, 71, 'ACC1071', '2023-01-20', 'Standard', 8500.00),
(5072, 72, 'ACC1072', '2023-02-15', 'Premium', 19000.00),
(5073, 73, 'ACC1073', '2023-03-10', 'Standard', 11000.00),
(5074, 74, 'ACC1074', '2023-04-25', 'Premium', 22000.00),
(5075, 75, 'ACC1075', '2023-05-17', 'Standard', 6500.00),
(5076, 76, 'ACC1076', '2023-06-23', 'Premium', 27000.00),
(5077, 77, 'ACC1077', '2023-07-27', 'Standard', 8000.00),
(5078, 78, 'ACC1078', '2023-08-05', 'Premium', 25000.00),
(5079, 79, 'ACC1079', '2023-09-10', 'Standard', 9500.00),
(5080, 80, 'ACC1080', '2023-10-15', 'Premium', 32000.00),
(5081, 81, 'ACC1081', '2023-01-25', 'Standard', 9000.00),
(5082, 82, 'ACC1082', '2023-02-20', 'Premium', 20000.00),
(5083, 83, 'ACC1083', '2023-03-15', 'Standard', 11500.00),
(5084, 84, 'ACC1084', '2023-04-30', 'Premium', 23000.00),
(5085, 85, 'ACC1085', '2023-05-22', 'Standard', 7000.00),
(5086, 86, 'ACC1086', '2023-06-28', 'Premium', 28000.00),
(5087, 87, 'ACC1087', '2023-07-31', 'Standard', 8500.00),
(5088, 88, 'ACC1088', '2023-08-10', 'Premium', 26000.00),
(5089, 89, 'ACC1089', '2023-09-15', 'Standard', 10000.00),
(5090, 90, 'ACC1090', '2023-10-20', 'Premium', 33000.00),
(5091, 91, 'ACC1091', '2023-01-30', 'Standard', 9500.00),
(5092, 92, 'ACC1092', '2023-02-25', 'Premium', 21000.00),
(5093, 93, 'ACC1093', '2023-03-20', 'Standard', 12000.00),
(5094, 94, 'ACC1094', '2023-04-05', 'Premium', 24000.00),
(5095, 95, 'ACC1095', '2023-05-27', 'Standard', 7500.00),
(5096, 96, 'ACC1096', '2023-06-30', 'Premium', 29000.00),
(5097, 97, 'ACC1097', '2023-07-05', 'Standard', 9000.00),
(5098, 98, 'ACC1098', '2023-08-15', 'Premium', 27000.00),
(5099, 99, 'ACC1099', '2023-09-20', 'Standard', 10500.00),
(5100, 100, 'ACC1100', '2023-10-25', 'Premium', 34000.00);

-- Insert 40 leads into the Leads table with unique lead_id values
-- Insert 40 leads into the Leads table with employee_id
INSERT INTO Leads (lead_id, name, email, phone, source, status, employee_id) VALUES
(1001, 'Alice Johnson', 'alice.johnson@example.com', '555-1001', 'Website', 'New', 1),
(1002, 'Bob Smith', 'bob.smith@example.com', '555-1002', 'Referral', 'Contacted', 2),
(1003, 'Charlie Brown', 'charlie.brown@example.com', '555-1003', 'Social Media', 'Qualified', 3),
(1004, 'Diana Prince', 'diana.prince@example.com', '555-1004', 'Email Campaign', 'Lost', 4),
(1005, 'Evan Davis', 'evan.davis@example.com', '555-1005', 'Trade Show', 'New', 5),
(1006, 'Fiona Green', 'fiona.green@example.com', '555-1006', 'Website', 'Contacted', 6),
(1007, 'George White', 'george.white@example.com', '555-1007', 'Referral', 'Qualified', 7),
(1008, 'Hannah Black', 'hannah.black@example.com', '555-1008', 'Social Media', 'Lost', 8),
(1009, 'Ian Blue', 'ian.blue@example.com', '555-1009', 'Email Campaign', 'New', 9),
(1010, 'Julia Red', 'julia.red@example.com', '555-1010', 'Trade Show', 'Contacted', 10),
(1011, 'Kevin Yellow', 'kevin.yellow@example.com', '555-1011', 'Website', 'Qualified', 11),
(1012, 'Laura Green', 'laura.green@example.com', '555-1012', 'Referral', 'Lost', 12),
(1013, 'Mike Brown', 'mike.brown@example.com', '555-1013', 'Social Media', 'New', 13),
(1014, 'Nina White', 'nina.white@example.com', '555-1014', 'Email Campaign', 'Contacted', 14),
(1015, 'Oscar Black', 'oscar.black@example.com', '555-1015', 'Trade Show', 'Qualified', 15),
(1016, 'Paula Blue', 'paula.blue@example.com', '555-1016', 'Website', 'Lost', 16),
(1017, 'Quincy Red', 'quincy.red@example.com', '555-1017', 'Referral', 'New', 17),
(1018, 'Rachel Yellow', 'rachel.yellow@example.com', '555-1018', 'Social Media', 'Contacted', 18),
(1019, 'Steve Green', 'steve.green@example.com', '555-1019', 'Email Campaign', 'Qualified', 19),
(1020, 'Tina Brown', 'tina.brown@example.com', '555-1020', 'Trade Show', 'Lost', 20),
(1021, 'Uma White', 'uma.white@example.com', '555-1021', 'Website', 'New', 21),
(1022, 'Victor Black', 'victor.black@example.com', '555-1022', 'Referral', 'Contacted', 22),
(1023, 'Wendy Blue', 'wendy.blue@example.com', '555-1023', 'Social Media', 'Qualified', 23),
(1024, 'Xander Red', 'xander.red@example.com', '555-1024', 'Email Campaign', 'Lost', 24),
(1025, 'Yara Yellow', 'yara.yellow@example.com', '555-1025', 'Trade Show', 'New', 25),
(1026, 'Zack Green', 'zack.green@example.com', '555-1026', 'Website', 'Contacted', 26),
(1027, 'Amy Brown', 'amy.brown@example.com', '555-1027', 'Referral', 'Qualified', 27),
(1028, 'Ben White', 'ben.white@example.com', '555-1028', 'Social Media', 'Lost', 28),
(1029, 'Cara Black', 'cara.black@example.com', '555-1029', 'Email Campaign', 'New', 29),
(1030, 'Derek Blue', 'derek.blue@example.com', '555-1030', 'Trade Show', 'Contacted', 30),
(1031, 'Ella Red', 'ella.red@example.com', '555-1031', 'Website', 'Qualified', 1),
(1032, 'Felix Yellow', 'felix.yellow@example.com', '555-1032', 'Referral', 'Lost', 2),
(1033, 'Gina Green', 'gina.green@example.com', '555-1033', 'Social Media', 'New', 3),
(1034, 'Hank Brown', 'hank.brown@example.com', '555-1034', 'Email Campaign', 'Contacted', 4),
(1035, 'Ivy White', 'ivy.white@example.com', '555-1035', 'Trade Show', 'Qualified', 5),
(1036, 'Jack Black', 'jack.black@example.com', '555-1036', 'Website', 'Lost', 6),
(1037, 'Kara Blue', 'kara.blue@example.com', '555-1037', 'Referral', 'New', 7),
(1038, 'Leo Red', 'leo.red@example.com', '555-1038', 'Social Media', 'Contacted', 8),
(1039, 'Mona Yellow', 'mona.yellow@example.com', '555-1039', 'Email Campaign', 'Qualified', 9),
(1040, 'Nate Green', 'nate.green@example.com', '555-1040', 'Trade Show', 'Lost', 10);

-- Insert 200 opportunities into the Opportunities table
INSERT INTO Opportunities (opportunity_id, customer_id, description, estimated_value, stage, created_date) VALUES
(7001, 1, 'Upsell opportunity for premium features.', 5000.00, 'Prospecting', '2023-01-15'),
(7002, 1, 'Renewal opportunity for annual subscription.', 3000.00, 'Qualification', '2023-02-10'),
(7003, 2, 'Cross-sell opportunity for additional services.', 2000.00, 'Proposal', '2023-03-05'),
(7004, 2, 'New product opportunity for enterprise client.', 10000.00, 'Negotiation', '2023-04-20'),
(7005, 3, 'Upsell opportunity for advanced features.', 7500.00, 'Closed Won', '2023-05-12'),
(7006, 3, 'Opportunity for new project collaboration.', 15000.00, 'Closed Lost', '2023-06-18'),
(7007, 4, 'Renewal opportunity for monthly subscription.', 2500.00, 'Prospecting', '2023-07-22'),
(7008, 4, 'Cross-sell opportunity for consulting services.', 5000.00, 'Qualification', '2023-08-30'),
(7009, 5, 'Upsell opportunity for premium support.', 6000.00, 'Proposal', '2023-09-05'),
(7010, 5, 'Opportunity for new product integration.', 12000.00, 'Negotiation', '2023-10-10'),
(7011, 6, 'Upsell opportunity for enterprise plan.', 8000.00, 'Closed Won', '2023-01-20'),
(7012, 6, 'Opportunity for long-term partnership.', 20000.00, 'Closed Lost', '2023-02-15'),
(7013, 7, 'Renewal opportunity for annual contract.', 4000.00, 'Prospecting', '2023-03-10'),
(7014, 7, 'Cross-sell opportunity for training services.', 3000.00, 'Qualification', '2023-04-25'),
(7015, 8, 'Upsell opportunity for premium features.', 7000.00, 'Proposal', '2023-05-17'),
(7016, 8, 'Opportunity for new product launch.', 15000.00, 'Negotiation', '2023-06-23'),
(7017, 9, 'Renewal opportunity for monthly subscription.', 2500.00, 'Closed Won', '2023-07-27'),
(7018, 9, 'Opportunity for strategic partnership.', 18000.00, 'Closed Lost', '2023-08-05'),
(7019, 10, 'Upsell opportunity for advanced analytics.', 9000.00, 'Prospecting', '2023-09-10'),
(7020, 10, 'Cross-sell opportunity for consulting services.', 5000.00, 'Qualification', '2023-10-15'),
(7021, 11, 'Upsell opportunity for premium features.', 6000.00, 'Proposal', '2023-01-25'),
(7022, 11, 'Opportunity for new product integration.', 12000.00, 'Negotiation', '2023-02-20'),
(7023, 12, 'Renewal opportunity for annual subscription.', 3000.00, 'Closed Won', '2023-03-15'),
(7024, 12, 'Opportunity for long-term collaboration.', 20000.00, 'Closed Lost', '2023-04-30'),
(7025, 13, 'Upsell opportunity for enterprise plan.', 8000.00, 'Prospecting', '2023-05-22'),
(7026, 13, 'Cross-sell opportunity for additional services.', 4000.00, 'Qualification', '2023-06-28'),
(7027, 14, 'Upsell opportunity for premium support.', 7000.00, 'Proposal', '2023-07-31'),
(7028, 14, 'Opportunity for new product launch.', 15000.00, 'Negotiation', '2023-08-10'),
(7029, 15, 'Renewal opportunity for monthly subscription.', 2500.00, 'Closed Won', '2023-09-15'),
(7030, 15, 'Opportunity for strategic partnership.', 18000.00, 'Closed Lost', '2023-10-20'),
(7031, 16, 'Upsell opportunity for advanced features.', 9000.00, 'Prospecting', '2023-01-30'),
(7032, 16, 'Cross-sell opportunity for consulting services.', 5000.00, 'Qualification', '2023-02-25'),
(7033, 17, 'Upsell opportunity for premium features.', 6000.00, 'Proposal', '2023-03-20'),
(7034, 17, 'Opportunity for new product integration.', 12000.00, 'Negotiation', '2023-04-05'),
(7035, 18, 'Renewal opportunity for annual subscription.', 3000.00, 'Closed Won', '2023-05-27'),
(7036, 18, 'Opportunity for long-term collaboration.', 20000.00, 'Closed Lost', '2023-06-30'),
(7037, 19, 'Upsell opportunity for enterprise plan.', 8000.00, 'Prospecting', '2023-07-05'),
(7038, 19, 'Cross-sell opportunity for additional services.', 4000.00, 'Qualification', '2023-08-15'),
(7039, 20, 'Upsell opportunity for premium support.', 7000.00, 'Proposal', '2023-09-20'),
(7040, 20, 'Opportunity for new product launch.', 15000.00, 'Negotiation', '2023-10-25'),
(7041, 21, 'Renewal opportunity for monthly subscription.', 2500.00, 'Closed Won', '2023-01-05'),
(7042, 21, 'Opportunity for strategic partnership.', 18000.00, 'Closed Lost', '2023-02-01'),
(7043, 22, 'Upsell opportunity for advanced features.', 9000.00, 'Prospecting', '2023-03-25'),
(7044, 22, 'Cross-sell opportunity for consulting services.', 5000.00, 'Qualification', '2023-04-10'),
(7045, 23, 'Upsell opportunity for premium features.', 6000.00, 'Proposal', '2023-05-30'),
(7046, 23, 'Opportunity for new product integration.', 12000.00, 'Negotiation', '2023-06-05'),
(7047, 24, 'Renewal opportunity for annual subscription.', 3000.00, 'Closed Won', '2023-07-10'),
(7048, 24, 'Opportunity for long-term collaboration.', 20000.00, 'Closed Lost', '2023-08-20'),
(7049, 25, 'Upsell opportunity for enterprise plan.', 8000.00, 'Prospecting', '2023-09-25'),
(7050, 25, 'Cross-sell opportunity for additional services.', 4000.00, 'Qualification', '2023-10-30'),
(7051, 26, 'Upsell opportunity for premium support.', 7000.00, 'Proposal', '2023-01-10'),
(7052, 26, 'Opportunity for new product launch.', 15000.00, 'Negotiation', '2023-02-05'),
(7053, 27, 'Renewal opportunity for monthly subscription.', 2500.00, 'Closed Won', '2023-03-30'),
(7054, 27, 'Opportunity for strategic partnership.', 18000.00, 'Closed Lost', '2023-04-15'),
(7055, 28, 'Upsell opportunity for advanced features.', 9000.00, 'Prospecting', '2023-05-01'),
(7056, 28, 'Cross-sell opportunity for consulting services.', 5000.00, 'Qualification', '2023-06-10'),
(7057, 29, 'Upsell opportunity for premium features.', 6000.00, 'Proposal', '2023-07-15'),
(7058, 29, 'Opportunity for new product integration.', 12000.00, 'Negotiation', '2023-08-25'),
(7059, 30, 'Renewal opportunity for annual subscription.', 3000.00, 'Closed Won', '2023-09-30'),
(7060, 30, 'Opportunity for long-term collaboration.', 20000.00, 'Closed Lost', '2023-10-05'),
(7061, 31, 'Upsell opportunity for enterprise plan.', 8000.00, 'Prospecting', '2023-01-15'),
(7062, 31, 'Cross-sell opportunity for additional services.', 4000.00, 'Qualification', '2023-02-10'),
(7063, 32, 'Upsell opportunity for premium support.', 7000.00, 'Proposal', '2023-03-05'),
(7064, 32, 'Opportunity for new product launch.', 15000.00, 'Negotiation', '2023-04-20'),
(7065, 33, 'Renewal opportunity for monthly subscription.', 2500.00, 'Closed Won', '2023-05-12'),
(7066, 33, 'Opportunity for strategic partnership.', 18000.00, 'Closed Lost', '2023-06-18'),
(7067, 34, 'Upsell opportunity for advanced features.', 9000.00, 'Prospecting', '2023-07-22'),
(7068, 34, 'Cross-sell opportunity for consulting services.', 5000.00, 'Qualification', '2023-08-30'),
(7069, 35, 'Upsell opportunity for premium features.', 6000.00, 'Proposal', '2023-09-05'),
(7070, 35, 'Opportunity for new product integration.', 12000.00, 'Negotiation', '2023-10-10'),
(7071, 36, 'Renewal opportunity for annual subscription.', 3000.00, 'Closed Won', '2023-01-20'),
(7072, 36, 'Opportunity for long-term collaboration.', 20000.00, 'Closed Lost', '2023-02-15'),
(7073, 37, 'Upsell opportunity for enterprise plan.', 8000.00, 'Prospecting', '2023-03-10'),
(7074, 37, 'Cross-sell opportunity for additional services.', 4000.00, 'Qualification', '2023-04-25'),
(7075, 38, 'Upsell opportunity for premium support.', 7000.00, 'Proposal', '2023-05-17'),
(7076, 38, 'Opportunity for new product launch.', 15000.00, 'Negotiation', '2023-06-23'),
(7077, 39, 'Renewal opportunity for monthly subscription.', 2500.00, 'Closed Won', '2023-07-27'),
(7078, 39, 'Opportunity for strategic partnership.', 18000.00, 'Closed Lost', '2023-08-05'),
(7079, 40, 'Upsell opportunity for advanced analytics.', 9000.00, 'Prospecting', '2023-09-10'),
(7080, 40, 'Cross-sell opportunity for consulting services.', 5000.00, 'Qualification', '2023-10-15'),
(7081, 41, 'Upsell opportunity for premium features.', 6000.00, 'Proposal', '2023-01-25'),
(7082, 41, 'Opportunity for new product integration.', 12000.00, 'Negotiation', '2023-02-20'),
(7083, 42, 'Renewal opportunity for annual subscription.', 3000.00, 'Closed Won', '2023-03-15'),
(7084, 42, 'Opportunity for long-term collaboration.', 20000.00, 'Closed Lost', '2023-04-30'),
(7085, 43, 'Upsell opportunity for enterprise plan.', 8000.00, 'Prospecting', '2023-05-22'),
(7086, 43, 'Cross-sell opportunity for additional services.', 4000.00, 'Qualification', '2023-06-28'),
(7087, 44, 'Upsell opportunity for premium support.', 7000.00, 'Proposal', '2023-07-31'),
(7088, 44, 'Opportunity for new product launch.', 15000.00, 'Negotiation', '2023-08-10'),
(7089, 45, 'Renewal opportunity for monthly subscription.', 2500.00, 'Closed Won', '2023-09-15'),
(7090, 45, 'Opportunity for strategic partnership.', 18000.00, 'Closed Lost', '2023-10-20'),
(7091, 46, 'Upsell opportunity for advanced features.', 9000.00, 'Prospecting', '2023-01-30'),
(7092, 46, 'Cross-sell opportunity for consulting services.', 5000.00, 'Qualification', '2023-02-25'),
(7093, 47, 'Upsell opportunity for premium features.', 6000.00, 'Proposal', '2023-03-20'),
(7094, 47, 'Opportunity for new product integration.', 12000.00, 'Negotiation', '2023-04-05'),
(7095, 48, 'Renewal opportunity for annual subscription.', 3000.00, 'Closed Won', '2023-05-27'),
(7096, 48, 'Opportunity for long-term collaboration.', 20000.00, 'Closed Lost', '2023-06-30'),
(7097, 49, 'Upsell opportunity for enterprise plan.', 8000.00, 'Prospecting', '2023-07-05'),
(7098, 49, 'Cross-sell opportunity for additional services.', 4000.00, 'Qualification', '2023-08-15'),
(7099, 50, 'Upsell opportunity for premium support.', 7000.00, 'Proposal', '2023-09-20'),
(7100, 50, 'Opportunity for new product launch.', 15000.00, 'Negotiation', '2023-10-25'),
(7101, 51, 'Renewal opportunity for monthly subscription.', 2500.00, 'Closed Won', '2023-01-05'),
(7102, 51, 'Opportunity for strategic partnership.', 18000.00, 'Closed Lost', '2023-02-01'),
(7103, 52, 'Upsell opportunity for advanced features.', 9000.00, 'Prospecting', '2023-03-25'),
(7104, 52, 'Cross-sell opportunity for consulting services.', 5000.00, 'Qualification', '2023-04-10'),
(7105, 53, 'Upsell opportunity for premium features.', 6000.00, 'Proposal', '2023-05-30'),
(7106, 53, 'Opportunity for new product integration.', 12000.00, 'Negotiation', '2023-06-05'),
(7107, 54, 'Renewal opportunity for annual subscription.', 3000.00, 'Closed Won', '2023-07-10'),
(7108, 54, 'Opportunity for long-term collaboration.', 20000.00, 'Closed Lost', '2023-08-20'),
(7109, 55, 'Upsell opportunity for enterprise plan.', 8000.00, 'Prospecting', '2023-09-25'),
(7110, 55, 'Cross-sell opportunity for additional services.', 4000.00, 'Qualification', '2023-10-30'),
(7111, 56, 'Upsell opportunity for premium support.', 7000.00, 'Proposal', '2023-01-10'),
(7112, 56, 'Opportunity for new product launch.', 15000.00, 'Negotiation', '2023-02-05'),
(7113, 57, 'Renewal opportunity for monthly subscription.', 2500.00, 'Closed Won', '2023-03-30'),
(7114, 57, 'Opportunity for strategic partnership.', 18000.00, 'Closed Lost', '2023-04-15'),
(7115, 58, 'Upsell opportunity for advanced features.', 9000.00, 'Prospecting', '2023-05-01'),
(7116, 58, 'Cross-sell opportunity for consulting services.', 5000.00, 'Qualification', '2023-06-10'),
(7117, 59, 'Upsell opportunity for premium features.', 6000.00, 'Proposal', '2023-07-15'),
(7118, 59, 'Opportunity for new product integration.', 12000.00, 'Negotiation', '2023-08-25'),
(7119, 60, 'Renewal opportunity for annual subscription.', 3000.00, 'Closed Won', '2023-09-30'),
(7120, 60, 'Opportunity for long-term collaboration.', 20000.00, 'Closed Lost', '2023-10-05'),
(7121, 61, 'Upsell opportunity for enterprise plan.', 8000.00, 'Prospecting', '2023-01-15'),
(7122, 61, 'Cross-sell opportunity for additional services.', 4000.00, 'Qualification', '2023-02-10'),
(7123, 62, 'Upsell opportunity for premium support.', 7000.00, 'Proposal', '2023-03-05'),
(7124, 62, 'Opportunity for new product launch.', 15000.00, 'Negotiation', '2023-04-20'),
(7125, 63, 'Renewal opportunity for monthly subscription.', 2500.00, 'Closed Won', '2023-05-12'),
(7126, 63, 'Opportunity for strategic partnership.', 18000.00, 'Closed Lost', '2023-06-18'),
(7127, 64, 'Upsell opportunity for advanced features.', 9000.00, 'Prospecting', '2023-07-22'),
(7128, 64, 'Cross-sell opportunity for consulting services.', 5000.00, 'Qualification', '2023-08-30'),
(7129, 65, 'Upsell opportunity for premium features.', 6000.00, 'Proposal', '2023-09-05'),
(7130, 65, 'Opportunity for new product integration.', 12000.00, 'Negotiation', '2023-10-10'),
(7131, 66, 'Renewal opportunity for annual subscription.', 3000.00, 'Closed Won', '2023-01-20'),
(7132, 66, 'Opportunity for long-term collaboration.', 20000.00, 'Closed Lost', '2023-02-15'),
(7133, 67, 'Upsell opportunity for enterprise plan.', 8000.00, 'Prospecting', '2023-03-10'),
(7134, 67, 'Cross-sell opportunity for additional services.', 4000.00, 'Qualification', '2023-04-25'),
(7135, 68, 'Upsell opportunity for premium support.', 7000.00, 'Proposal', '2023-05-17'),
(7136, 68, 'Opportunity for new product launch.', 15000.00, 'Negotiation', '2023-06-23'),
(7137, 69, 'Renewal opportunity for monthly subscription.', 2500.00, 'Closed Won', '2023-07-27'),
(7138, 69, 'Opportunity for strategic partnership.', 18000.00, 'Closed Lost', '2023-08-05'),
(7139, 70, 'Upsell opportunity for advanced analytics.', 9000.00, 'Prospecting', '2023-09-10'),
(7140, 70, 'Cross-sell opportunity for consulting services.', 5000.00, 'Qualification', '2023-10-15'),
(7141, 71, 'Upsell opportunity for premium features.', 6000.00, 'Proposal', '2023-01-25'),
(7142, 71, 'Opportunity for new product integration.', 12000.00, 'Negotiation', '2023-02-20'),
(7143, 72, 'Renewal opportunity for annual subscription.', 3000.00, 'Closed Won', '2023-03-15'),
(7144, 72, 'Opportunity for long-term collaboration.', 20000.00, 'Closed Lost', '2023-04-30'),
(7145, 73, 'Upsell opportunity for enterprise plan.', 8000.00, 'Prospecting', '2023-05-22'),
(7146, 73, 'Cross-sell opportunity for additional services.', 4000.00, 'Qualification', '2023-06-28'),
(7147, 74, 'Upsell opportunity for premium support.', 7000.00, 'Proposal', '2023-07-31'),
(7148, 74, 'Opportunity for new product launch.', 15000.00, 'Negotiation', '2023-08-10'),
(7149, 75, 'Renewal opportunity for monthly subscription.', 2500.00, 'Closed Won', '2023-09-15'),
(7150, 75, 'Opportunity for strategic partnership.', 18000.00, 'Closed Lost', '2023-10-20'),
(7151, 76, 'Upsell opportunity for advanced features.', 9000.00, 'Prospecting', '2023-01-30'),
(7152, 76, 'Cross-sell opportunity for consulting services.', 5000.00, 'Qualification', '2023-02-25'),
(7153, 77, 'Upsell opportunity for premium features.', 6000.00, 'Proposal', '2023-03-20'),
(7154, 77, 'Opportunity for new product integration.', 12000.00, 'Negotiation', '2023-04-05'),
(7155, 78, 'Renewal opportunity for annual subscription.', 3000.00, 'Closed Won', '2023-05-27'),
(7156, 78, 'Opportunity for long-term collaboration.', 20000.00, 'Closed Lost', '2023-06-30'),
(7157, 79, 'Upsell opportunity for enterprise plan.', 8000.00, 'Prospecting', '2023-07-05'),
(7158, 79, 'Cross-sell opportunity for additional services.', 4000.00, 'Qualification', '2023-08-15'),
(7159, 80, 'Upsell opportunity for premium support.', 7000.00, 'Proposal', '2023-09-20'),
(7160, 80, 'Opportunity for new product launch.', 15000.00, 'Negotiation', '2023-10-25'),
(7161, 81, 'Renewal opportunity for monthly subscription.', 2500.00, 'Closed Won', '2023-01-05'),
(7162, 81, 'Opportunity for strategic partnership.', 18000.00, 'Closed Lost', '2023-02-01'),
(7163, 82, 'Upsell opportunity for advanced features.', 9000.00, 'Prospecting', '2023-03-25'),
(7164, 82, 'Cross-sell opportunity for consulting services.', 5000.00, 'Qualification', '2023-04-10'),
(7165, 83, 'Upsell opportunity for premium features.', 6000.00, 'Proposal', '2023-05-30'),
(7166, 83, 'Opportunity for new product integration.', 12000.00, 'Negotiation', '2023-06-05'),
(7167, 84, 'Renewal opportunity for annual subscription.', 3000.00, 'Closed Won', '2023-07-10'),
(7168, 84, 'Opportunity for long-term collaboration.', 20000.00, 'Closed Lost', '2023-08-20'),
(7169, 85, 'Upsell opportunity for enterprise plan.', 8000.00, 'Prospecting', '2023-09-25'),
(7170, 85, 'Cross-sell opportunity for additional services.', 4000.00, 'Qualification', '2023-10-30'),
(7171, 86, 'Upsell opportunity for premium support.', 7000.00, 'Proposal', '2023-01-10'),
(7172, 86, 'Opportunity for new product launch.', 15000.00, 'Negotiation', '2023-02-05'),
(7173, 87, 'Renewal opportunity for monthly subscription.', 2500.00, 'Closed Won', '2023-03-30'),
(7174, 87, 'Opportunity for strategic partnership.', 18000.00, 'Closed Lost', '2023-04-15'),
(7175, 88, 'Upsell opportunity for advanced features.', 9000.00, 'Prospecting', '2023-05-01'),
(7176, 88, 'Cross-sell opportunity for consulting services.', 5000.00, 'Qualification', '2023-06-10'),
(7177, 89, 'Upsell opportunity for premium features.', 6000.00, 'Proposal', '2023-07-15'),
(7178, 89, 'Opportunity for new product integration.', 12000.00, 'Negotiation', '2023-08-25'),
(7179, 90, 'Renewal opportunity for annual subscription.', 3000.00, 'Closed Won', '2023-09-30'),
(7180, 90, 'Opportunity for long-term collaboration.', 20000.00, 'Closed Lost', '2023-10-05'),
(7181, 91, 'Upsell opportunity for enterprise plan.', 8000.00, 'Prospecting', '2023-01-15'),
(7182, 91, 'Cross-sell opportunity for additional services.', 4000.00, 'Qualification', '2023-02-10'),
(7183, 92, 'Upsell opportunity for premium support.', 7000.00, 'Proposal', '2023-03-05'),
(7184, 92, 'Opportunity for new product launch.', 15000.00, 'Negotiation', '2023-04-20'),
(7185, 93, 'Renewal opportunity for monthly subscription.', 2500.00, 'Closed Won', '2023-05-12'),
(7186, 93, 'Opportunity for strategic partnership.', 18000.00, 'Closed Lost', '2023-06-18'),
(7187, 94, 'Upsell opportunity for advanced features.', 9000.00, 'Prospecting', '2023-07-22'),
(7188, 94, 'Cross-sell opportunity for consulting services.', 5000.00, 'Qualification', '2023-08-30'),
(7189, 95, 'Upsell opportunity for premium features.', 6000.00, 'Proposal', '2023-09-05'),
(7190, 95, 'Opportunity for new product integration.', 12000.00, 'Negotiation', '2023-10-10'),
(7191, 96, 'Renewal opportunity for annual subscription.', 3000.00, 'Closed Won', '2023-01-20'),
(7192, 96, 'Opportunity for long-term collaboration.', 20000.00, 'Closed Lost', '2023-02-15'),
(7193, 97, 'Upsell opportunity for enterprise plan.', 8000.00, 'Prospecting', '2023-03-10'),
(7194, 97, 'Cross-sell opportunity for additional services.', 4000.00, 'Qualification', '2023-04-25'),
(7195, 98, 'Upsell opportunity for premium support.', 7000.00, 'Proposal', '2023-05-17'),
(7196, 98, 'Opportunity for new product launch.', 15000.00, 'Negotiation', '2023-06-23'),
(7197, 99, 'Renewal opportunity for monthly subscription.', 2500.00, 'Closed Won', '2023-07-27'),
(7198, 99, 'Opportunity for strategic partnership.', 18000.00, 'Closed Lost', '2023-08-05'),
(7199, 100, 'Upsell opportunity for advanced analytics.', 9000.00, 'Prospecting', '2023-09-10'),
(7200, 100, 'Cross-sell opportunity for consulting services.', 5000.00, 'Qualification', '2023-10-15');


-- Insert 300 tickets into the Tickets table
INSERT INTO Tickets (ticket_id, customer_id, issue_description, status, created_date) VALUES
(6001, 1, 'Unable to log in to the account.', 'Open', '2023-01-15'),
(6002, 1, 'Invoice not received for the last payment.', 'In Progress', '2023-02-10'),
(6003, 1, 'How to reset my password?', 'Closed', '2023-03-05'),
(6004, 2, 'Error while processing payment.', 'Open', '2023-04-20'),
(6005, 2, 'Account balance discrepancy.', 'In Progress', '2023-05-12'),
(6006, 2, 'How to update my billing information?', 'Closed', '2023-06-18'),
(6007, 3, 'Product feature not working as expected.', 'Open', '2023-07-22'),
(6008, 3, 'Refund request for a canceled order.', 'In Progress', '2023-08-30'),
(6009, 3, 'How to upgrade my account?', 'Closed', '2023-09-05'),
(6010, 4, 'Unable to access the mobile app.', 'Open', '2023-10-10'),
(6011, 4, 'Duplicate charge on my credit card.', 'In Progress', '2023-01-20'),
(6012, 4, 'How to cancel my subscription?', 'Closed', '2023-02-15'),
(6013, 5, 'Error message when placing an order.', 'Open', '2023-03-10'),
(6014, 5, 'Request for a copy of my invoice.', 'In Progress', '2023-04-25'),
(6015, 5, 'How to change my email address?', 'Closed', '2023-05-17'),
(6016, 6, 'Account locked due to multiple failed login attempts.', 'Open', '2023-06-23'),
(6017, 6, 'Discrepancy in the monthly statement.', 'In Progress', '2023-07-27'),
(6018, 6, 'How to enable two-factor authentication?', 'Closed', '2023-08-05'),
(6019, 7, 'Unable to download the software.', 'Open', '2023-09-10'),
(6020, 7, 'Request for a refund due to a defective product.', 'In Progress', '2023-10-15'),
(6021, 7, 'How to contact customer support?', 'Closed', '2023-01-25'),
(6022, 8, 'Error while updating my profile information.', 'Open', '2023-02-20'),
(6023, 8, 'Incorrect tax calculation on the invoice.', 'In Progress', '2023-03-15'),
(6024, 8, 'How to delete my account?', 'Closed', '2023-04-30'),
(6025, 9, 'Unable to process my payment.', 'Open', '2023-05-22'),
(6026, 9, 'Request for a discount on my subscription.', 'In Progress', '2023-06-28'),
(6027, 9, 'How to update my shipping address?', 'Closed', '2023-07-31'),
(6028, 10, 'Error while accessing the dashboard.', 'Open', '2023-08-10'),
(6029, 10, 'Request for a replacement of a damaged product.', 'In Progress', '2023-09-15'),
(6030, 10, 'How to change my payment method?', 'Closed', '2023-10-20'),
(6031, 11, 'Unable to reset my password.', 'Open', '2023-01-30'),
(6032, 11, 'Discrepancy in the loyalty points.', 'In Progress', '2023-02-25'),
(6033, 11, 'How to upgrade to a premium account?', 'Closed', '2023-03-20'),
(6034, 12, 'Error while placing an order.', 'Open', '2023-04-05'),
(6035, 12, 'Request for a copy of my contract.', 'In Progress', '2023-05-27'),
(6036, 12, 'How to cancel my order?', 'Closed', '2023-06-30'),
(6037, 13, 'Unable to access my account.', 'Open', '2023-07-05'),
(6038, 13, 'Request for a refund due to a billing error.', 'In Progress', '2023-08-15'),
(6039, 13, 'How to update my contact information?', 'Closed', '2023-09-20'),
(6040, 14, 'Error while processing my refund.', 'Open', '2023-10-25'),
(6041, 14, 'Discrepancy in the order history.', 'In Progress', '2023-01-05'),
(6042, 14, 'How to change my password?', 'Closed', '2023-02-01'),
(6043, 15, 'Unable to place an order.', 'Open', '2023-03-25'),
(6044, 15, 'Request for a discount on my next purchase.', 'In Progress', '2023-04-10'),
(6045, 15, 'How to contact the sales team?', 'Closed', '2023-05-30'),
(6046, 16, 'Error while accessing the website.', 'Open', '2023-06-05'),
(6047, 16, 'Request for a replacement of a missing item.', 'In Progress', '2023-07-10'),
(6048, 16, 'How to update my billing address?', 'Closed', '2023-08-20'),
(6049, 17, 'Unable to process my payment.', 'Open', '2023-09-25'),
(6050, 17, 'Discrepancy in the loyalty rewards.', 'In Progress', '2023-10-30'),
(6051, 17, 'How to change my subscription plan?', 'Closed', '2023-01-10'),
(6052, 18, 'Error while updating my profile.', 'Open', '2023-02-05'),
(6053, 18, 'Request for a refund due to a defective product.', 'In Progress', '2023-03-30'),
(6054, 18, 'How to delete my account?', 'Closed', '2023-04-15'),
(6055, 19, 'Unable to access the mobile app.', 'Open', '2023-05-01'),
(6056, 19, 'Request for a copy of my invoice.', 'In Progress', '2023-06-10'),
(6057, 19, 'How to update my shipping address?', 'Closed', '2023-07-15'),
(6058, 20, 'Error while placing an order.', 'Open', '2023-08-25'),
(6059, 20, 'Discrepancy in the billing statement.', 'In Progress', '2023-09-30'),
(6060, 20, 'How to change my payment method?', 'Closed', '2023-10-05'),
(6061, 21, 'Unable to reset my password.', 'Open', '2023-01-15'),
(6062, 21, 'Discrepancy in the loyalty points.', 'In Progress', '2023-02-10'),
(6063, 21, 'How to upgrade to a premium account?', 'Closed', '2023-03-05'),
(6064, 22, 'Error while placing an order.', 'Open', '2023-04-20'),
(6065, 22, 'Request for a copy of my contract.', 'In Progress', '2023-05-12'),
(6066, 22, 'How to cancel my order?', 'Closed', '2023-06-18'),
(6067, 23, 'Unable to access my account.', 'Open', '2023-07-22'),
(6068, 23, 'Request for a refund due to a billing error.', 'In Progress', '2023-08-30'),
(6069, 23, 'How to update my contact information?', 'Closed', '2023-09-05'),
(6070, 24, 'Error while processing my refund.', 'Open', '2023-10-10'),
(6071, 24, 'Discrepancy in the order history.', 'In Progress', '2023-01-20'),
(6072, 24, 'How to change my password?', 'Closed', '2023-02-15'),
(6073, 25, 'Unable to place an order.', 'Open', '2023-03-10'),
(6074, 25, 'Request for a discount on my next purchase.', 'In Progress', '2023-04-25'),
(6075, 25, 'How to contact the sales team?', 'Closed', '2023-05-17'),
(6076, 26, 'Error while accessing the website.', 'Open', '2023-06-23'),
(6077, 26, 'Request for a replacement of a missing item.', 'In Progress', '2023-07-27'),
(6078, 26, 'How to update my billing address?', 'Closed', '2023-08-05'),
(6079, 27, 'Unable to process my payment.', 'Open', '2023-09-10'),
(6080, 27, 'Discrepancy in the loyalty rewards.', 'In Progress', '2023-10-15'),
(6081, 27, 'How to change my subscription plan?', 'Closed', '2023-01-25'),
(6082, 28, 'Error while updating my profile.', 'Open', '2023-02-20'),
(6083, 28, 'Request for a refund due to a defective product.', 'In Progress', '2023-03-15'),
(6084, 28, 'How to delete my account?', 'Closed', '2023-04-30'),
(6085, 29, 'Unable to access the mobile app.', 'Open', '2023-05-22'),
(6086, 29, 'Request for a copy of my invoice.', 'In Progress', '2023-06-28'),
(6087, 29, 'How to update my shipping address?', 'Closed', '2023-07-31'),
(6088, 30, 'Error while placing an order.', 'Open', '2023-08-10'),
(6089, 30, 'Discrepancy in the billing statement.', 'In Progress', '2023-09-15'),
(6090, 30, 'How to change my payment method?', 'Closed', '2023-10-20'),
(6091, 31, 'Unable to reset my password.', 'Open', '2023-01-30'),
(6092, 31, 'Discrepancy in the loyalty points.', 'In Progress', '2023-02-25'),
(6093, 31, 'How to upgrade to a premium account?', 'Closed', '2023-03-20'),
(6094, 32, 'Error while placing an order.', 'Open', '2023-04-05'),
(6095, 32, 'Request for a copy of my contract.', 'In Progress', '2023-05-27'),
(6096, 32, 'How to cancel my order?', 'Closed', '2023-06-30'),
(6097, 33, 'Unable to access my account.', 'Open', '2023-07-05'),
(6098, 33, 'Request for a refund due to a billing error.', 'In Progress', '2023-08-15'),
(6099, 33, 'How to update my contact information?', 'Closed', '2023-09-20'),
(6100, 34, 'Error while processing my refund.', 'Open', '2023-10-25'),
(6101, 34, 'Discrepancy in the order history.', 'In Progress', '2023-01-05'),
(6102, 34, 'How to change my password?', 'Closed', '2023-02-01'),
(6103, 35, 'Unable to place an order.', 'Open', '2023-03-25'),
(6104, 35, 'Request for a discount on my next purchase.', 'In Progress', '2023-04-10'),
(6105, 35, 'How to contact the sales team?', 'Closed', '2023-05-30'),
(6106, 36, 'Error while accessing the website.', 'Open', '2023-06-05'),
(6107, 36, 'Request for a replacement of a missing item.', 'In Progress', '2023-07-10'),
(6108, 36, 'How to update my billing address?', 'Closed', '2023-08-20'),
(6109, 37, 'Unable to process my payment.', 'Open', '2023-09-25'),
(6110, 37, 'Discrepancy in the loyalty rewards.', 'In Progress', '2023-10-30'),
(6111, 37, 'How to change my subscription plan?', 'Closed', '2023-01-10'),
(6112, 38, 'Error while updating my profile.', 'Open', '2023-02-05'),
(6113, 38, 'Request for a refund due to a defective product.', 'In Progress', '2023-03-30'),
(6114, 38, 'How to delete my account?', 'Closed', '2023-04-15'),
(6115, 39, 'Unable to access the mobile app.', 'Open', '2023-05-01'),
(6116, 39, 'Request for a copy of my invoice.', 'In Progress', '2023-06-10'),
(6117, 39, 'How to update my shipping address?', 'Closed', '2023-07-15'),
(6118, 40, 'Error while placing an order.', 'Open', '2023-08-25'),
(6119, 40, 'Discrepancy in the billing statement.', 'In Progress', '2023-09-30'),
(6120, 40, 'How to change my payment method?', 'Closed', '2023-10-05'),
(6121, 41, 'Unable to reset my password.', 'Open', '2023-01-15'),
(6122, 41, 'Discrepancy in the loyalty points.', 'In Progress', '2023-02-10'),
(6123, 41, 'How to upgrade to a premium account?', 'Closed', '2023-03-05'),
(6124, 42, 'Error while placing an order.', 'Open', '2023-04-20'),
(6125, 42, 'Request for a copy of my contract.', 'In Progress', '2023-05-12'),
(6126, 42, 'How to cancel my order?', 'Closed', '2023-06-18'),
(6127, 43, 'Unable to access my account.', 'Open', '2023-07-22'),
(6128, 43, 'Request for a refund due to a billing error.', 'In Progress', '2023-08-30'),
(6129, 43, 'How to update my contact information?', 'Closed', '2023-09-05'),
(6130, 44, 'Error while processing my refund.', 'Open', '2023-10-10'),
(6131, 44, 'Discrepancy in the order history.', 'In Progress', '2023-01-20'),
(6132, 44, 'How to change my password?', 'Closed', '2023-02-15'),
(6133, 45, 'Unable to place an order.', 'Open', '2023-03-10'),
(6134, 45, 'Request for a discount on my next purchase.', 'In Progress', '2023-04-25'),
(6135, 45, 'How to contact the sales team?', 'Closed', '2023-05-17'),
(6136, 46, 'Error while accessing the website.', 'Open', '2023-06-23'),
(6137, 46, 'Request for a replacement of a missing item.', 'In Progress', '2023-07-27'),
(6138, 46, 'How to update my billing address?', 'Closed', '2023-08-05'),
(6139, 47, 'Unable to process my payment.', 'Open', '2023-09-10'),
(6140, 47, 'Discrepancy in the loyalty rewards.', 'In Progress', '2023-10-15'),
(6141, 47, 'How to change my subscription plan?', 'Closed', '2023-01-25'),
(6142, 48, 'Error while updating my profile.', 'Open', '2023-02-20'),
(6143, 48, 'Request for a refund due to a defective product.', 'In Progress', '2023-03-15'),
(6144, 48, 'How to delete my account?', 'Closed', '2023-04-30'),
(6145, 49, 'Unable to access the mobile app.', 'Open', '2023-05-22'),
(6146, 49, 'Request for a copy of my invoice.', 'In Progress', '2023-06-28'),
(6147, 49, 'How to update my shipping address?', 'Closed', '2023-07-31'),
(6148, 50, 'Error while placing an order.', 'Open', '2023-08-10'),
(6149, 50, 'Discrepancy in the billing statement.', 'In Progress', '2023-09-15'),
(6150, 50, 'How to change my payment method?', 'Closed', '2023-10-20'),
(6151, 51, 'Unable to reset my password.', 'Open', '2023-01-30'),
(6152, 51, 'Discrepancy in the loyalty points.', 'In Progress', '2023-02-25'),
(6153, 51, 'How to upgrade to a premium account?', 'Closed', '2023-03-20'),
(6154, 52, 'Error while placing an order.', 'Open', '2023-04-05'),
(6155, 52, 'Request for a copy of my contract.', 'In Progress', '2023-05-27'),
(6156, 52, 'How to cancel my order?', 'Closed', '2023-06-30'),
(6157, 53, 'Unable to access my account.', 'Open', '2023-07-05'),
(6158, 53, 'Request for a refund due to a billing error.', 'In Progress', '2023-08-15'),
(6159, 53, 'How to update my contact information?', 'Closed', '2023-09-20'),
(6160, 54, 'Error while processing my refund.', 'Open', '2023-10-25'),
(6161, 54, 'Discrepancy in the order history.', 'In Progress', '2023-01-05'),
(6162, 54, 'How to change my password?', 'Closed', '2023-02-01'),
(6163, 55, 'Unable to place an order.', 'Open', '2023-03-25'),
(6164, 55, 'Request for a discount on my next purchase.', 'In Progress', '2023-04-10'),
(6165, 55, 'How to contact the sales team?', 'Closed', '2023-05-30'),
(6166, 56, 'Error while accessing the website.', 'Open', '2023-06-05'),
(6167, 56, 'Request for a replacement of a missing item.', 'In Progress', '2023-07-10'),
(6168, 56, 'How to update my billing address?', 'Closed', '2023-08-20'),
(6169, 57, 'Unable to process my payment.', 'Open', '2023-09-25'),
(6170, 57, 'Discrepancy in the loyalty rewards.', 'In Progress', '2023-10-30'),
(6171, 57, 'How to change my subscription plan?', 'Closed', '2023-01-10'),
(6172, 58, 'Error while updating my profile.', 'Open', '2023-02-05'),
(6173, 58, 'Request for a refund due to a defective product.', 'In Progress', '2023-03-30'),
(6174, 58, 'How to delete my account?', 'Closed', '2023-04-15'),
(6175, 59, 'Unable to access the mobile app.', 'Open', '2023-05-01'),
(6176, 59, 'Request for a copy of my invoice.', 'In Progress', '2023-06-10'),
(6177, 59, 'How to update my shipping address?', 'Closed', '2023-07-15'),
(6178, 60, 'Error while placing an order.', 'Open', '2023-08-25'),
(6179, 60, 'Discrepancy in the billing statement.', 'In Progress', '2023-09-30'),
(6180, 60, 'How to change my payment method?', 'Closed', '2023-10-05'),
(6181, 61, 'Unable to reset my password.', 'Open', '2023-01-15'),
(6182, 61, 'Discrepancy in the loyalty points.', 'In Progress', '2023-02-10'),
(6183, 61, 'How to upgrade to a premium account?', 'Closed', '2023-03-05'),
(6184, 62, 'Error while placing an order.', 'Open', '2023-04-20'),
(6185, 62, 'Request for a copy of my contract.', 'In Progress', '2023-05-12'),
(6186, 62, 'How to cancel my order?', 'Closed', '2023-06-18'),
(6187, 63, 'Unable to access my account.', 'Open', '2023-07-22'),
(6188, 63, 'Request for a refund due to a billing error.', 'In Progress', '2023-08-30'),
(6189, 63, 'How to update my contact information?', 'Closed', '2023-09-05'),
(6190, 64, 'Error while processing my refund.', 'Open', '2023-10-10'),
(6191, 64, 'Discrepancy in the order history.', 'In Progress', '2023-01-20'),
(6192, 64, 'How to change my password?', 'Closed', '2023-02-15'),
(6193, 65, 'Unable to place an order.', 'Open', '2023-03-10'),
(6194, 65, 'Request for a discount on my next purchase.', 'In Progress', '2023-04-25'),
(6195, 65, 'How to contact the sales team?', 'Closed', '2023-05-17'),
(6196, 66, 'Error while accessing the website.', 'Open', '2023-06-23'),
(6197, 66, 'Request for a replacement of a missing item.', 'In Progress', '2023-07-27'),
(6198, 66, 'How to update my billing address?', 'Closed', '2023-08-05'),
(6199, 67, 'Unable to process my payment.', 'Open', '2023-09-10'),
(6200, 67, 'Discrepancy in the loyalty rewards.', 'In Progress', '2023-10-15'),
(6201, 67, 'How to change my subscription plan?', 'Closed', '2023-01-25'),
(6202, 68, 'Error while updating my profile.', 'Open', '2023-02-20'),
(6203, 68, 'Request for a refund due to a defective product.', 'In Progress', '2023-03-15'),
(6204, 68, 'How to delete my account?', 'Closed', '2023-04-30'),
(6205, 69, 'Unable to access the mobile app.', 'Open', '2023-05-22'),
(6206, 69, 'Request for a copy of my invoice.', 'In Progress', '2023-06-28'),
(6207, 69, 'How to update my shipping address?', 'Closed', '2023-07-31'),
(6208, 70, 'Error while placing an order.', 'Open', '2023-08-10'),
(6209, 70, 'Discrepancy in the billing statement.', 'In Progress', '2023-09-15'),
(6210, 70, 'How to change my payment method?', 'Closed', '2023-10-20'),
(6211, 71, 'Unable to reset my password.', 'Open', '2023-01-30'),
(6212, 71, 'Discrepancy in the loyalty points.', 'In Progress', '2023-02-25'),
(6213, 71, 'How to upgrade to a premium account?', 'Closed', '2023-03-20'),
(6214, 72, 'Error while placing an order.', 'Open', '2023-04-05'),
(6215, 72, 'Request for a copy of my contract.', 'In Progress', '2023-05-27'),
(6216, 72, 'How to cancel my order?', 'Closed', '2023-06-30'),
(6217, 73, 'Unable to access my account.', 'Open', '2023-07-05'),
(6218, 73, 'Request for a refund due to a billing error.', 'In Progress', '2023-08-15'),
(6219, 73, 'How to update my contact information?', 'Closed', '2023-09-20'),
(6220, 74, 'Error while processing my refund.', 'Open', '2023-10-25'),
(6221, 74, 'Discrepancy in the order history.', 'In Progress', '2023-01-05'),
(6222, 74, 'How to change my password?', 'Closed', '2023-02-01'),
(6223, 75, 'Unable to place an order.', 'Open', '2023-03-25'),
(6224, 75, 'Request for a discount on my next purchase.', 'In Progress', '2023-04-10'),
(6225, 75, 'How to contact the sales team?', 'Closed', '2023-05-30'),
(6226, 76, 'Error while accessing the website.', 'Open', '2023-06-05'),
(6227, 76, 'Request for a replacement of a missing item.', 'In Progress', '2023-07-10'),
(6228, 76, 'How to update my billing address?', 'Closed', '2023-08-20'),
(6229, 77, 'Unable to process my payment.', 'Open', '2023-09-25'),
(6230, 77, 'Discrepancy in the loyalty rewards.', 'In Progress', '2023-10-30'),
(6231, 77, 'How to change my subscription plan?', 'Closed', '2023-01-10'),
(6232, 78, 'Error while updating my profile.', 'Open', '2023-02-05'),
(6233, 78, 'Request for a refund due to a defective product.', 'In Progress', '2023-03-30'),
(6234, 78, 'How to delete my account?', 'Closed', '2023-04-15'),
(6235, 79, 'Unable to access the mobile app.', 'Open', '2023-05-01'),
(6236, 79, 'Request for a copy of my invoice.', 'In Progress', '2023-06-10'),
(6237, 79, 'How to update my shipping address?', 'Closed', '2023-07-15'),
(6238, 80, 'Error while placing an order.', 'Open', '2023-08-25'),
(6239, 80, 'Discrepancy in the billing statement.', 'In Progress', '2023-09-30'),
(6240, 80, 'How to change my payment method?', 'Closed', '2023-10-05'),
(6241, 81, 'Unable to reset my password.', 'Open', '2023-01-15'),
(6242, 81, 'Discrepancy in the loyalty points.', 'In Progress', '2023-02-10'),
(6243, 81, 'How to upgrade to a premium account?', 'Closed', '2023-03-05'),
(6244, 82, 'Error while placing an order.', 'Open', '2023-04-20'),
(6245, 82, 'Request for a copy of my contract.', 'In Progress', '2023-05-12'),
(6246, 82, 'How to cancel my order?', 'Closed', '2023-06-18'),
(6247, 83, 'Unable to access my account.', 'Open', '2023-07-22'),
(6248, 83, 'Request for a refund due to a billing error.', 'In Progress', '2023-08-30'),
(6249, 83, 'How to update my contact information?', 'Closed', '2023-09-05'),
(6250, 84, 'Error while processing my refund.', 'Open', '2023-10-10'),
(6251, 84, 'Discrepancy in the order history.', 'In Progress', '2023-01-20'),
(6252, 84, 'How to change my password?', 'Closed', '2023-02-15'),
(6253, 85, 'Unable to place an order.', 'Open', '2023-03-10'),
(6254, 85, 'Request for a discount on my next purchase.', 'In Progress', '2023-04-25'),
(6255, 85, 'How to contact the sales team?', 'Closed', '2023-05-17'),
(6256, 86, 'Error while accessing the website.', 'Open', '2023-06-23'),
(6257, 86, 'Request for a replacement of a missing item.', 'In Progress', '2023-07-27'),
(6258, 86, 'How to update my billing address?', 'Closed', '2023-08-05'),
(6259, 87, 'Unable to process my payment.', 'Open', '2023-09-10'),
(6260, 87, 'Discrepancy in the loyalty rewards.', 'In Progress', '2023-10-15'),
(6261, 87, 'How to change my subscription plan?', 'Closed', '2023-01-25'),
(6262, 88, 'Error while updating my profile.', 'Open', '2023-02-20'),
(6263, 88, 'Request for a refund due to a defective product.', 'In Progress', '2023-03-15'),
(6264, 88, 'How to delete my account?', 'Closed', '2023-04-30'),
(6265, 89, 'Unable to access the mobile app.', 'Open', '2023-05-22'),
(6266, 89, 'Request for a copy of my invoice.', 'In Progress', '2023-06-28'),
(6267, 89, 'How to update my shipping address?', 'Closed', '2023-07-31'),
(6268, 90, 'Error while placing an order.', 'Open', '2023-08-10'),
(6269, 90, 'Discrepancy in the billing statement.', 'In Progress', '2023-09-15'),
(6270, 90, 'How to change my payment method?', 'Closed', '2023-10-20'),
(6271, 91, 'Unable to reset my password.', 'Open', '2023-01-30'),
(6272, 91, 'Discrepancy in the loyalty points.', 'In Progress', '2023-02-25'),
(6273, 91, 'How to upgrade to a premium account?', 'Closed', '2023-03-20'),
(6274, 92, 'Error while placing an order.', 'Open', '2023-04-05'),
(6275, 92, 'Request for a copy of my contract.', 'In Progress', '2023-05-27'),
(6276, 92, 'How to cancel my order?', 'Closed', '2023-06-30'),
(6277, 93, 'Unable to access my account.', 'Open', '2023-07-05'),
(6278, 93, 'Request for a refund due to a billing error.', 'In Progress', '2023-08-15'),
(6279, 93, 'How to update my contact information?', 'Closed', '2023-09-20'),
(6280, 94, 'Error while processing my refund.', 'Open', '2023-10-25'),
(6281, 94, 'Discrepancy in the order history.', 'In Progress', '2023-01-05'),
(6282, 94, 'How to change my password?', 'Closed', '2023-02-01'),
(6283, 95, 'Unable to place an order.', 'Open', '2023-03-25'),
(6284, 95, 'Request for a discount on my next purchase.', 'In Progress', '2023-04-10'),
(6285, 95, 'How to contact the sales team?', 'Closed', '2023-05-30'),
(6286, 96, 'Error while accessing the website.', 'Open', '2023-06-05'),
(6287, 96, 'Request for a replacement of a missing item.', 'In Progress', '2023-07-10'),
(6288, 96, 'How to update my billing address?', 'Closed', '2023-08-20'),
(6289, 97, 'Unable to process my payment.', 'Open', '2023-09-25'),
(6290, 97, 'Discrepancy in the loyalty rewards.', 'In Progress', '2023-10-30'),
(6291, 97, 'How to change my subscription plan?', 'Closed', '2023-01-10'),
(6292, 98, 'Error while updating my profile.', 'Open', '2023-02-05'),
(6293, 98, 'Request for a refund due to a defective product.', 'In Progress', '2023-03-30'),
(6294, 98, 'How to delete my account?', 'Closed', '2023-04-15'),
(6295, 99, 'Unable to access the mobile app.', 'Open', '2023-05-01'),
(6296, 99, 'Request for a copy of my invoice.', 'In Progress', '2023-06-10'),
(6297, 99, 'How to update my shipping address?', 'Closed', '2023-07-15'),
(6298, 100, 'Error while placing an order.', 'Open', '2023-08-25'),
(6299, 100, 'Discrepancy in the billing statement.', 'In Progress', '2023-09-30'),
(6300, 100, 'How to change my payment method?', 'Closed', '2023-10-05');


-- Insert 30 campaigns into the Campaigns table
-- Insert 30 campaigns into the Campaigns table with employee_id
INSERT INTO Campaigns (campaign_id, name, start_date, end_date, budget, employee_id) VALUES
(8001, 'Spring Sale 2023', '2023-03-01', '2023-03-31', 5000.00, 1),
(8002, 'Summer Social Media Blitz', '2023-06-01', '2023-06-30', 3000.00, 2),
(8003, 'New Product Launch: XYZ', '2023-07-15', '2023-07-31', 10000.00, 3),
(8004, 'Back-to-School Email Campaign', '2023-08-01', '2023-08-31', 2000.00, 4),
(8005, 'Holiday Season Promo', '2023-12-01', '2023-12-31', 8000.00, 5),
(8006, 'Winter Clearance Sale', '2024-01-01', '2024-01-31', 4000.00, 6),
(8007, 'Valentines Day Special', '2024-02-01', '2024-02-14', 2500.00, 7),
(8008, 'Spring Social Media Campaign', '2024-03-01', '2024-03-31', 3500.00, 8),
(8009, 'Easter Email Blast', '2024-04-01', '2024-04-15', 1500.00, 9),
(8010, 'Summer Product Launch', '2024-06-01', '2024-06-30', 12000.00, 10),
(8011, 'Independence Day Sale', '2024-07-01', '2024-07-07', 3000.00, 11),
(8012, 'Back-to-School Social Media Push', '2024-08-01', '2024-08-31', 4000.00, 12),
(8013, 'Fall Email Campaign', '2024-09-01', '2024-09-30', 2000.00, 13),
(8014, 'Halloween Promo', '2024-10-01', '2024-10-31', 5000.00, 14),
(8015, 'Black Friday Sale', '2024-11-25', '2024-11-30', 10000.00, 15),
(8016, 'Holiday Email Campaign', '2024-12-01', '2024-12-31', 3000.00, 16),
(8017, 'New Years Clearance', '2025-01-01', '2025-01-15', 4000.00, 17),
(8018, 'Valentines Day Email Blast', '2025-02-01', '2025-02-14', 2000.00, 18),
(8019, 'Spring Social Media Campaign', '2025-03-01', '2025-03-31', 3500.00, 19),
(8020, 'Easter Promo', '2025-04-01', '2025-04-15', 1500.00, 20),
(8021, 'Summer Sale 2025', '2025-06-01', '2025-06-30', 6000.00, 21),
(8022, 'Independence Day Social Media Push', '2025-07-01', '2025-07-07', 3000.00, 22),
(8023, 'Back-to-School Email Campaign', '2025-08-01', '2025-08-31', 2000.00, 23),
(8024, 'Fall Product Launch', '2025-09-01', '2025-09-30', 10000.00, 24),
(8025, 'Halloween Social Media Campaign', '2025-10-01', '2025-10-31', 4000.00, 25),
(8026, 'Black Friday Email Blast', '2025-11-25', '2025-11-30', 3000.00, 26),
(8027, 'Holiday Season Promo', '2025-12-01', '2025-12-31', 8000.00, 27),
(8028, 'New Years Sale', '2026-01-01', '2026-01-15', 4000.00, 28),
(8029, 'Valentines Day Social Media Push', '2026-02-01', '2026-02-14', 2500.00, 29),
(8030, 'Spring Email Campaign', '2026-03-01', '2026-03-31', 2000.00, 30);

-- Insert 500 activities into the Activities table
INSERT INTO Activities (activity_id, related_type, related_id, activity_type, activity_date, notes) VALUES
(9001, 'Opportunity', 7001, 'Call', '2023-01-16', 'Follow-up call with client regarding premium features.'),
(9002, 'Opportunity', 7001, 'Email', '2023-01-17', 'Sent email with proposal for premium features.'),
(9003, 'Opportunity', 7002, 'Meeting', '2023-02-11', 'Meeting to discuss annual subscription renewal.'),
(9004, 'Opportunity', 7002, 'Task', '2023-02-12', 'Prepare renewal contract for client.'),
(9005, 'Opportunity', 7003, 'Call', '2023-03-06', 'Called client to discuss additional services.'),
(9006, 'Opportunity', 7003, 'Email', '2023-03-07', 'Sent follow-up email with service details.'),
(9007, 'Opportunity', 7004, 'Meeting', '2023-04-21', 'Meeting with enterprise client for new product pitch.'),
(9008, 'Opportunity', 7004, 'Task', '2023-04-22', 'Prepare product demo for client.'),
(9009, 'Opportunity', 7005, 'Call', '2023-05-13', 'Called client to confirm advanced features purchase.'),
(9010, 'Opportunity', 7005, 'Email', '2023-05-14', 'Sent invoice for advanced features.'),
(9011, 'Opportunity', 7006, 'Meeting', '2023-06-19', 'Meeting to discuss new project collaboration.'),
(9012, 'Opportunity', 7006, 'Task', '2023-06-20', 'Prepare project proposal for client.'),
(9013, 'Opportunity', 7007, 'Call', '2023-07-23', 'Called client to discuss monthly subscription renewal.'),
(9014, 'Opportunity', 7007, 'Email', '2023-07-24', 'Sent renewal confirmation email.'),
(9015, 'Opportunity', 7008, 'Meeting', '2023-08-31', 'Meeting to discuss consulting services.'),
(9016, 'Opportunity', 7008, 'Task', '2023-09-01', 'Prepare consulting agreement.'),
(9017, 'Opportunity', 7009, 'Call', '2023-09-06', 'Called client to discuss premium support.'),
(9018, 'Opportunity', 7009, 'Email', '2023-09-07', 'Sent premium support details.'),
(9019, 'Opportunity', 7010, 'Meeting', '2023-10-11', 'Meeting to discuss new product integration.'),
(9020, 'Opportunity', 7010, 'Task', '2023-10-12', 'Prepare integration plan for client.'),
(9021, 'Campaign', 8001, 'Call', '2023-03-02', 'Called team to plan Spring Sale campaign.'),
(9022, 'Campaign', 8001, 'Email', '2023-03-03', 'Sent campaign details to marketing team.'),
(9023, 'Campaign', 8002, 'Meeting', '2023-06-02', 'Meeting to discuss Summer Social Media Blitz.'),
(9024, 'Campaign', 8002, 'Task', '2023-06-03', 'Prepare social media content for campaign.'),
(9025, 'Campaign', 8003, 'Call', '2023-07-16', 'Called team to finalize product launch details.'),
(9026, 'Campaign', 8003, 'Email', '2023-07-17', 'Sent launch plan to stakeholders.'),
(9027, 'Campaign', 8004, 'Meeting', '2023-08-02', 'Meeting to discuss Back-to-School Email Campaign.'),
(9028, 'Campaign', 8004, 'Task', '2023-08-03', 'Prepare email templates for campaign.'),
(9029, 'Campaign', 8005, 'Call', '2023-12-02', 'Called team to plan Holiday Season Promo.'),
(9030, 'Campaign', 8005, 'Email', '2023-12-03', 'Sent promo details to sales team.'),
(9031, 'Ticket', 6001, 'Call', '2023-01-16', 'Called client to resolve login issue.'),
(9032, 'Ticket', 6001, 'Email', '2023-01-17', 'Sent instructions to reset password.'),
(9033, 'Ticket', 6002, 'Meeting', '2023-02-11', 'Meeting to discuss invoice discrepancy.'),
(9034, 'Ticket', 6002, 'Task', '2023-02-12', 'Prepare corrected invoice for client.'),
(9035, 'Ticket', 6003, 'Call', '2023-03-06', 'Called client to confirm password reset.'),
(9036, 'Ticket', 6003, 'Email', '2023-03-07', 'Sent confirmation email for password reset.'),
(9037, 'Ticket', 6004, 'Meeting', '2023-04-21', 'Meeting to resolve payment processing error.'),
(9038, 'Ticket', 6004, 'Task', '2023-04-22', 'Prepare refund for duplicate charge.'),
(9039, 'Ticket', 6005, 'Call', '2023-05-13', 'Called client to discuss account balance issue.'),
(9040, 'Ticket', 6005, 'Email', '2023-05-14', 'Sent updated account statement.'),
(9041, 'Lead', 1, 'Call', '2023-01-16', 'Called lead to discuss potential partnership.'),
(9042, 'Lead', 1, 'Email', '2023-01-17', 'Sent follow-up email with proposal.'),
(9043, 'Lead', 2, 'Meeting', '2023-02-11', 'Meeting to qualify lead for annual subscription.'),
(9044, 'Lead', 2, 'Task', '2023-02-12', 'Prepare subscription details for lead.'),
(9045, 'Lead', 3, 'Call', '2023-03-06', 'Called lead to discuss additional services.'),
(9046, 'Lead', 3, 'Email', '2023-03-07', 'Sent service details to lead.'),
(9047, 'Lead', 4, 'Meeting', '2023-04-21', 'Meeting to pitch enterprise product to lead.'),
(9048, 'Lead', 4, 'Task', '2023-04-22', 'Prepare product demo for lead.'),
(9049, 'Lead', 5, 'Call', '2023-05-13', 'Called lead to confirm interest in premium features.'),
(9050, 'Lead', 5, 'Email', '2023-05-14', 'Sent premium features details to lead.'),
(9051, 'Opportunity', 7011, 'Call', '2023-01-21', 'Called client to discuss enterprise plan.'),
(9052, 'Opportunity', 7011, 'Email', '2023-01-22', 'Sent enterprise plan details to client.'),
(9053, 'Opportunity', 7012, 'Meeting', '2023-02-16', 'Meeting to discuss long-term partnership.'),
(9054, 'Opportunity', 7012, 'Task', '2023-02-17', 'Prepare partnership agreement.'),
(9055, 'Opportunity', 7013, 'Call', '2023-03-11', 'Called client to discuss annual contract renewal.'),
(9056, 'Opportunity', 7013, 'Email', '2023-03-12', 'Sent renewal details to client.'),
(9057, 'Opportunity', 7014, 'Meeting', '2023-04-26', 'Meeting to discuss training services.'),
(9058, 'Opportunity', 7014, 'Task', '2023-04-27', 'Prepare training schedule for client.'),
(9059, 'Opportunity', 7015, 'Call', '2023-05-18', 'Called client to confirm premium features purchase.'),
(9060, 'Opportunity', 7015, 'Email', '2023-05-19', 'Sent invoice for premium features.'),
(9061, 'Opportunity', 7016, 'Meeting', '2023-06-24', 'Meeting to discuss new product launch.'),
(9062, 'Opportunity', 7016, 'Task', '2023-06-25', 'Prepare launch plan for client.'),
(9063, 'Opportunity', 7017, 'Call', '2023-07-28', 'Called client to discuss monthly subscription renewal.'),
(9064, 'Opportunity', 7017, 'Email', '2023-07-29', 'Sent renewal confirmation email.'),
(9065, 'Opportunity', 7018, 'Meeting', '2023-08-06', 'Meeting to discuss strategic partnership.'),
(9066, 'Opportunity', 7018, 'Task', '2023-08-07', 'Prepare partnership proposal.'),
(9067, 'Opportunity', 7019, 'Call', '2023-09-11', 'Called client to discuss advanced analytics.'),
(9068, 'Opportunity', 7019, 'Email', '2023-09-12', 'Sent analytics report to client.'),
(9069, 'Opportunity', 7020, 'Meeting', '2023-10-16', 'Meeting to discuss consulting services.'),
(9070, 'Opportunity', 7020, 'Task', '2023-10-17', 'Prepare consulting agreement.'),
(9071, 'Campaign', 8006, 'Call', '2024-01-02', 'Called team to plan Winter Clearance Sale.'),
(9072, 'Campaign', 8006, 'Email', '2024-01-03', 'Sent campaign details to marketing team.'),
(9073, 'Campaign', 8007, 'Meeting', '2024-02-02', 'Meeting to discuss Valentines Day Special.'),
(9074, 'Campaign', 8007, 'Task', '2024-02-03', 'Prepare promotional materials for campaign.'),
(9075, 'Campaign', 8008, 'Call', '2024-03-02', 'Called team to plan Spring Social Media Campaign.'),
(9076, 'Campaign', 8008, 'Email', '2024-03-03', 'Sent campaign details to social media team.'),
(9077, 'Campaign', 8009, 'Meeting', '2024-04-02', 'Meeting to discuss Easter Email Blast.'),
(9078, 'Campaign', 8009, 'Task', '2024-04-03', 'Prepare email templates for campaign.'),
(9079, 'Campaign', 8010, 'Call', '2024-06-02', 'Called team to plan Summer Product Launch.'),
(9080, 'Campaign', 8010, 'Email', '2024-06-03', 'Sent launch plan to stakeholders.'),
(9081, 'Ticket', 6006, 'Call', '2023-06-24', 'Called client to resolve account lock issue.'),
(9082, 'Ticket', 6006, 'Email', '2023-06-25', 'Sent instructions to unlock account.'),
(9083, 'Ticket', 6007, 'Meeting', '2023-07-28', 'Meeting to discuss monthly statement discrepancy.'),
(9084, 'Ticket', 6007, 'Task', '2023-07-29', 'Prepare corrected statement for client.'),
(9085, 'Ticket', 6008, 'Call', '2023-08-06', 'Called client to confirm two-factor authentication setup.'),
(9086, 'Ticket', 6008, 'Email', '2023-08-07', 'Sent confirmation email for two-factor authentication.'),
(9087, 'Ticket', 6009, 'Meeting', '2023-09-11', 'Meeting to resolve software download issue.'),
(9088, 'Ticket', 6009, 'Task', '2023-09-12', 'Prepare alternative download link for client.'),
(9089, 'Ticket', 6010, 'Call', '2023-10-16', 'Called client to discuss defective product refund.'),
(9090, 'Ticket', 6010, 'Email', '2023-10-17', 'Sent refund confirmation email.'),
(9091, 'Lead', 6, 'Call', '2023-06-24', 'Called lead to discuss potential partnership.'),
(9092, 'Lead', 6, 'Email', '2023-06-25', 'Sent follow-up email with proposal.'),
(9093, 'Lead', 7, 'Meeting', '2023-07-28', 'Meeting to qualify lead for annual contract.'),
(9094, 'Lead', 7, 'Task', '2023-07-29', 'Prepare contract details for lead.'),
(9095, 'Lead', 8, 'Call', '2023-08-06', 'Called lead to discuss additional services.'),
(9096, 'Lead', 8, 'Email', '2023-08-07', 'Sent service details to lead.'),
(9097, 'Lead', 9, 'Meeting', '2023-09-11', 'Meeting to pitch enterprise product to lead.'),
(9098, 'Lead', 9, 'Task', '2023-09-12', 'Prepare product demo for lead.'),
(9099, 'Lead', 10, 'Call', '2023-10-16', 'Called lead to confirm interest in premium support.'),
(9100, 'Lead', 10, 'Email', '2023-10-17', 'Sent premium support details to lead.'),

(9101, 'Opportunity', 7021, 'Call', '2023-01-26', 'Called client to discuss enterprise plan.'),
(9102, 'Opportunity', 7021, 'Email', '2023-01-27', 'Sent enterprise plan details to client.'),
(9103, 'Opportunity', 7022, 'Meeting', '2023-02-21', 'Meeting to discuss long-term partnership.'),
(9104, 'Opportunity', 7022, 'Task', '2023-02-22', 'Prepare partnership agreement.'),
(9105, 'Opportunity', 7023, 'Call', '2023-03-16', 'Called client to discuss annual subscription renewal.'),
(9106, 'Opportunity', 7023, 'Email', '2023-03-17', 'Sent renewal details to client.'),
(9107, 'Opportunity', 7024, 'Meeting', '2023-04-26', 'Meeting to discuss long-term collaboration.'),
(9108, 'Opportunity', 7024, 'Task', '2023-04-27', 'Prepare collaboration proposal.'),
(9109, 'Opportunity', 7025, 'Call', '2023-05-18', 'Called client to confirm enterprise plan purchase.'),
(9110, 'Opportunity', 7025, 'Email', '2023-05-19', 'Sent invoice for enterprise plan.'),
(9111, 'Opportunity', 7026, 'Meeting', '2023-06-24', 'Meeting to discuss additional services.'),
(9112, 'Opportunity', 7026, 'Task', '2023-06-25', 'Prepare service proposal for client.'),
(9113, 'Opportunity', 7027, 'Call', '2023-07-28', 'Called client to discuss premium support.'),
(9114, 'Opportunity', 7027, 'Email', '2023-07-29', 'Sent premium support details to client.'),
(9115, 'Opportunity', 7028, 'Meeting', '2023-08-06', 'Meeting to discuss new product launch.'),
(9116, 'Opportunity', 7028, 'Task', '2023-08-07', 'Prepare launch plan for client.'),
(9117, 'Opportunity', 7029, 'Call', '2023-09-11', 'Called client to discuss strategic partnership.'),
(9118, 'Opportunity', 7029, 'Email', '2023-09-12', 'Sent partnership proposal to client.'),
(9119, 'Opportunity', 7030, 'Meeting', '2023-10-16', 'Meeting to discuss consulting services.'),
(9120, 'Opportunity', 7030, 'Task', '2023-10-17', 'Prepare consulting agreement.'),
(9121, 'Campaign', 8011, 'Call', '2024-07-02', 'Called team to plan Independence Day Sale.'),
(9122, 'Campaign', 8011, 'Email', '2024-07-03', 'Sent campaign details to marketing team.'),
(9123, 'Campaign', 8012, 'Meeting', '2024-08-02', 'Meeting to discuss Back-to-School Social Media Push.'),
(9124, 'Campaign', 8012, 'Task', '2024-08-03', 'Prepare social media content for campaign.'),
(9125, 'Campaign', 8013, 'Call', '2024-09-02', 'Called team to plan Fall Email Campaign.'),
(9126, 'Campaign', 8013, 'Email', '2024-09-03', 'Sent email templates to marketing team.'),
(9127, 'Campaign', 8014, 'Meeting', '2024-10-02', 'Meeting to discuss Halloween Promo.'),
(9128, 'Campaign', 8014, 'Task', '2024-10-03', 'Prepare promotional materials for campaign.'),
(9129, 'Campaign', 8015, 'Call', '2024-11-26', 'Called team to plan Black Friday Sale.'),
(9130, 'Campaign', 8015, 'Email', '2024-11-27', 'Sent sale details to sales team.'),
(9131, 'Ticket', 6011, 'Call', '2023-06-24', 'Called client to resolve account lock issue.'),
(9132, 'Ticket', 6011, 'Email', '2023-06-25', 'Sent instructions to unlock account.'),
(9133, 'Ticket', 6012, 'Meeting', '2023-07-28', 'Meeting to discuss monthly statement discrepancy.'),
(9134, 'Ticket', 6012, 'Task', '2023-07-29', 'Prepare corrected statement for client.'),
(9135, 'Ticket', 6013, 'Call', '2023-08-06', 'Called client to confirm two-factor authentication setup.'),
(9136, 'Ticket', 6013, 'Email', '2023-08-07', 'Sent confirmation email for two-factor authentication.'),
(9137, 'Ticket', 6014, 'Meeting', '2023-09-11', 'Meeting to resolve software download issue.'),
(9138, 'Ticket', 6014, 'Task', '2023-09-12', 'Prepare alternative download link for client.'),
(9139, 'Ticket', 6015, 'Call', '2023-10-16', 'Called client to discuss defective product refund.'),
(9140, 'Ticket', 6015, 'Email', '2023-10-17', 'Sent refund confirmation email.'),
(9141, 'Lead', 11, 'Call', '2023-06-24', 'Called lead to discuss potential partnership.'),
(9142, 'Lead', 11, 'Email', '2023-06-25', 'Sent follow-up email with proposal.'),
(9143, 'Lead', 12, 'Meeting', '2023-07-28', 'Meeting to qualify lead for annual contract.'),
(9144, 'Lead', 12, 'Task', '2023-07-29', 'Prepare contract details for lead.'),
(9145, 'Lead', 13, 'Call', '2023-08-06', 'Called lead to discuss additional services.'),
(9146, 'Lead', 13, 'Email', '2023-08-07', 'Sent service details to lead.'),
(9147, 'Lead', 14, 'Meeting', '2023-09-11', 'Meeting to pitch enterprise product to lead.'),
(9148, 'Lead', 14, 'Task', '2023-09-12', 'Prepare product demo for lead.'),
(9149, 'Lead', 15, 'Call', '2023-10-16', 'Called lead to confirm interest in premium support.'),
(9150, 'Lead', 15, 'Email', '2023-10-17', 'Sent premium support details to lead.'),
(9151, 'Opportunity', 7031, 'Call', '2023-01-31', 'Called client to discuss enterprise plan.'),
(9152, 'Opportunity', 7031, 'Email', '2023-02-01', 'Sent enterprise plan details to client.'),
(9153, 'Opportunity', 7032, 'Meeting', '2023-03-26', 'Meeting to discuss long-term partnership.'),
(9154, 'Opportunity', 7032, 'Task', '2023-03-27', 'Prepare partnership agreement.'),
(9155, 'Opportunity', 7033, 'Call', '2023-04-21', 'Called client to discuss annual subscription renewal.'),
(9156, 'Opportunity', 7033, 'Email', '2023-04-22', 'Sent renewal details to client.'),
(9157, 'Opportunity', 7034, 'Meeting', '2023-05-26', 'Meeting to discuss long-term collaboration.'),
(9158, 'Opportunity', 7034, 'Task', '2023-05-27', 'Prepare collaboration proposal.'),
(9159, 'Opportunity', 7035, 'Call', '2023-06-18', 'Called client to confirm enterprise plan purchase.'),
(9160, 'Opportunity', 7035, 'Email', '2023-06-19', 'Sent invoice for enterprise plan.'),
(9161, 'Opportunity', 7036, 'Meeting', '2023-07-24', 'Meeting to discuss additional services.'),
(9162, 'Opportunity', 7036, 'Task', '2023-07-25', 'Prepare service proposal for client.'),
(9163, 'Opportunity', 7037, 'Call', '2023-08-28', 'Called client to discuss premium support.'),
(9164, 'Opportunity', 7037, 'Email', '2023-08-29', 'Sent premium support details to client.'),
(9165, 'Opportunity', 7038, 'Meeting', '2023-09-06', 'Meeting to discuss new product launch.'),
(9166, 'Opportunity', 7038, 'Task', '2023-09-07', 'Prepare launch plan for client.'),
(9167, 'Opportunity', 7039, 'Call', '2023-10-11', 'Called client to discuss strategic partnership.'),
(9168, 'Opportunity', 7039, 'Email', '2023-10-12', 'Sent partnership proposal to client.'),
(9169, 'Opportunity', 7040, 'Meeting', '2023-11-16', 'Meeting to discuss consulting services.'),
(9170, 'Opportunity', 7040, 'Task', '2023-11-17', 'Prepare consulting agreement.'),
(9171, 'Campaign', 8016, 'Call', '2024-12-02', 'Called team to plan Holiday Email Campaign.'),
(9172, 'Campaign', 8016, 'Email', '2024-12-03', 'Sent campaign details to marketing team.'),
(9173, 'Campaign', 8017, 'Meeting', '2025-01-02', 'Meeting to discuss New Years Clearance.'),
(9174, 'Campaign', 8017, 'Task', '2025-01-03', 'Prepare promotional materials for campaign.'),
(9175, 'Campaign', 8018, 'Call', '2025-02-02', 'Called team to plan Valentines Day Email Blast.'),
(9176, 'Campaign', 8018, 'Email', '2025-02-03', 'Sent email templates to marketing team.'),
(9177, 'Campaign', 8019, 'Meeting', '2025-03-02', 'Meeting to discuss Spring Social Media Campaign.'),
(9178, 'Campaign', 8019, 'Task', '2025-03-03', 'Prepare social media content for campaign.'),
(9179, 'Campaign', 8020, 'Call', '2025-04-02', 'Called team to plan Easter Promo.'),
(9180, 'Campaign', 8020, 'Email', '2025-04-03', 'Sent promo details to sales team.'),
(9181, 'Ticket', 6016, 'Call', '2023-06-24', 'Called client to resolve account lock issue.'),
(9182, 'Ticket', 6016, 'Email', '2023-06-25', 'Sent instructions to unlock account.'),
(9183, 'Ticket', 6017, 'Meeting', '2023-07-28', 'Meeting to discuss monthly statement discrepancy.'),
(9184, 'Ticket', 6017, 'Task', '2023-07-29', 'Prepare corrected statement for client.'),
(9185, 'Ticket', 6018, 'Call', '2023-08-06', 'Called client to confirm two-factor authentication setup.'),
(9186, 'Ticket', 6018, 'Email', '2023-08-07', 'Sent confirmation email for two-factor authentication.'),
(9187, 'Ticket', 6019, 'Meeting', '2023-09-11', 'Meeting to resolve software download issue.'),
(9188, 'Ticket', 6019, 'Task', '2023-09-12', 'Prepare alternative download link for client.'),
(9189, 'Ticket', 6020, 'Call', '2023-10-16', 'Called client to discuss defective product refund.'),
(9190, 'Ticket', 6020, 'Email', '2023-10-17', 'Sent refund confirmation email.'),
(9191, 'Lead', 16, 'Call', '2023-06-24', 'Called lead to discuss potential partnership.'),
(9192, 'Lead', 16, 'Email', '2023-06-25', 'Sent follow-up email with proposal.'),
(9193, 'Lead', 17, 'Meeting', '2023-07-28', 'Meeting to qualify lead for annual contract.'),
(9194, 'Lead', 17, 'Task', '2023-07-29', 'Prepare contract details for lead.'),
(9195, 'Lead', 18, 'Call', '2023-08-06', 'Called lead to discuss additional services.'),
(9196, 'Lead', 18, 'Email', '2023-08-07', 'Sent service details to lead.'),
(9197, 'Lead', 19, 'Meeting', '2023-09-11', 'Meeting to pitch enterprise product to lead.'),
(9198, 'Lead', 19, 'Task', '2023-09-12', 'Prepare product demo for lead.'),
(9199, 'Lead', 20, 'Call', '2023-10-16', 'Called lead to confirm interest in premium support.'),
(9200, 'Lead', 20, 'Email', '2023-10-17', 'Sent premium support details to lead.'),

(9201, 'Opportunity', 7041, 'Call', '2023-01-26', 'Called client to discuss enterprise plan.'),
(9202, 'Opportunity', 7041, 'Email', '2023-01-27', 'Sent enterprise plan details to client.'),
(9203, 'Opportunity', 7042, 'Meeting', '2023-02-21', 'Meeting to discuss long-term partnership.'),
(9204, 'Opportunity', 7042, 'Task', '2023-02-22', 'Prepare partnership agreement.'),
(9205, 'Opportunity', 7043, 'Call', '2023-03-16', 'Called client to discuss annual subscription renewal.'),
(9206, 'Opportunity', 7043, 'Email', '2023-03-17', 'Sent renewal details to client.'),
(9207, 'Opportunity', 7044, 'Meeting', '2023-04-26', 'Meeting to discuss long-term collaboration.'),
(9208, 'Opportunity', 7044, 'Task', '2023-04-27', 'Prepare collaboration proposal.'),
(9209, 'Opportunity', 7045, 'Call', '2023-05-18', 'Called client to confirm enterprise plan purchase.'),
(9210, 'Opportunity', 7045, 'Email', '2023-05-19', 'Sent invoice for enterprise plan.'),
(9211, 'Opportunity', 7046, 'Meeting', '2023-06-24', 'Meeting to discuss additional services.'),
(9212, 'Opportunity', 7046, 'Task', '2023-06-25', 'Prepare service proposal for client.'),
(9213, 'Opportunity', 7047, 'Call', '2023-07-28', 'Called client to discuss premium support.'),
(9214, 'Opportunity', 7047, 'Email', '2023-07-29', 'Sent premium support details to client.'),
(9215, 'Opportunity', 7048, 'Meeting', '2023-08-06', 'Meeting to discuss new product launch.'),
(9216, 'Opportunity', 7048, 'Task', '2023-08-07', 'Prepare launch plan for client.'),
(9217, 'Opportunity', 7049, 'Call', '2023-09-11', 'Called client to discuss strategic partnership.'),
(9218, 'Opportunity', 7049, 'Email', '2023-09-12', 'Sent partnership proposal to client.'),
(9219, 'Opportunity', 7050, 'Meeting', '2023-10-16', 'Meeting to discuss consulting services.'),
(9220, 'Opportunity', 7050, 'Task', '2023-10-17', 'Prepare consulting agreement.'),
(9221, 'Campaign', 8021, 'Call', '2024-07-02', 'Called team to plan Independence Day Sale.'),
(9222, 'Campaign', 8021, 'Email', '2024-07-03', 'Sent campaign details to marketing team.'),
(9223, 'Campaign', 8022, 'Meeting', '2024-08-02', 'Meeting to discuss Back-to-School Social Media Push.'),
(9224, 'Campaign', 8022, 'Task', '2024-08-03', 'Prepare social media content for campaign.'),
(9225, 'Campaign', 8023, 'Call', '2024-09-02', 'Called team to plan Fall Email Campaign.'),
(9226, 'Campaign', 8023, 'Email', '2024-09-03', 'Sent email templates to marketing team.'),
(9227, 'Campaign', 8024, 'Meeting', '2024-10-02', 'Meeting to discuss Halloween Promo.'),
(9228, 'Campaign', 8024, 'Task', '2024-10-03', 'Prepare promotional materials for campaign.'),
(9229, 'Campaign', 8025, 'Call', '2024-11-26', 'Called team to plan Black Friday Sale.'),
(9230, 'Campaign', 8025, 'Email', '2024-11-27', 'Sent sale details to sales team.'),
(9231, 'Ticket', 6021, 'Call', '2023-06-24', 'Called client to resolve account lock issue.'),
(9232, 'Ticket', 6021, 'Email', '2023-06-25', 'Sent instructions to unlock account.'),
(9233, 'Ticket', 6022, 'Meeting', '2023-07-28', 'Meeting to discuss monthly statement discrepancy.'),
(9234, 'Ticket', 6022, 'Task', '2023-07-29', 'Prepare corrected statement for client.'),
(9235, 'Ticket', 6023, 'Call', '2023-08-06', 'Called client to confirm two-factor authentication setup.'),
(9236, 'Ticket', 6023, 'Email', '2023-08-07', 'Sent confirmation email for two-factor authentication.'),
(9237, 'Ticket', 6024, 'Meeting', '2023-09-11', 'Meeting to resolve software download issue.'),
(9238, 'Ticket', 6024, 'Task', '2023-09-12', 'Prepare alternative download link for client.'),
(9239, 'Ticket', 6025, 'Call', '2023-10-16', 'Called client to discuss defective product refund.'),
(9240, 'Ticket', 6025, 'Email', '2023-10-17', 'Sent refund confirmation email.'),
(9241, 'Lead', 21, 'Call', '2023-06-24', 'Called lead to discuss potential partnership.'),
(9242, 'Lead', 21, 'Email', '2023-06-25', 'Sent follow-up email with proposal.'),
(9243, 'Lead', 22, 'Meeting', '2023-07-28', 'Meeting to qualify lead for annual contract.'),
(9244, 'Lead', 22, 'Task', '2023-07-29', 'Prepare contract details for lead.'),
(9245, 'Lead', 23, 'Call', '2023-08-06', 'Called lead to discuss additional services.'),
(9246, 'Lead', 23, 'Email', '2023-08-07', 'Sent service details to lead.'),
(9247, 'Lead', 24, 'Meeting', '2023-09-11', 'Meeting to pitch enterprise product to lead.'),
(9248, 'Lead', 24, 'Task', '2023-09-12', 'Prepare product demo for lead.'),
(9249, 'Lead', 25, 'Call', '2023-10-16', 'Called lead to confirm interest in premium support.'),
(9250, 'Lead', 25, 'Email', '2023-10-17', 'Sent premium support details to lead.'),
(9251, 'Opportunity', 7051, 'Call', '2023-01-31', 'Called client to discuss enterprise plan.'),
(9252, 'Opportunity', 7051, 'Email', '2023-02-01', 'Sent enterprise plan details to client.'),
(9253, 'Opportunity', 7052, 'Meeting', '2023-03-26', 'Meeting to discuss long-term partnership.'),
(9254, 'Opportunity', 7052, 'Task', '2023-03-27', 'Prepare partnership agreement.'),
(9255, 'Opportunity', 7053, 'Call', '2023-04-21', 'Called client to discuss annual subscription renewal.'),
(9256, 'Opportunity', 7053, 'Email', '2023-04-22', 'Sent renewal details to client.'),
(9257, 'Opportunity', 7054, 'Meeting', '2023-05-26', 'Meeting to discuss long-term collaboration.'),
(9258, 'Opportunity', 7054, 'Task', '2023-05-27', 'Prepare collaboration proposal.'),
(9259, 'Opportunity', 7055, 'Call', '2023-06-18', 'Called client to confirm enterprise plan purchase.'),
(9260, 'Opportunity', 7055, 'Email', '2023-06-19', 'Sent invoice for enterprise plan.'),
(9261, 'Opportunity', 7056, 'Meeting', '2023-07-24', 'Meeting to discuss additional services.'),
(9262, 'Opportunity', 7056, 'Task', '2023-07-25', 'Prepare service proposal for client.'),
(9263, 'Opportunity', 7057, 'Call', '2023-08-28', 'Called client to discuss premium support.'),
(9264, 'Opportunity', 7057, 'Email', '2023-08-29', 'Sent premium support details to client.'),
(9265, 'Opportunity', 7058, 'Meeting', '2023-09-06', 'Meeting to discuss new product launch.'),
(9266, 'Opportunity', 7058, 'Task', '2023-09-07', 'Prepare launch plan for client.'),
(9267, 'Opportunity', 7059, 'Call', '2023-10-11', 'Called client to discuss strategic partnership.'),
(9268, 'Opportunity', 7059, 'Email', '2023-10-12', 'Sent partnership proposal to client.'),
(9269, 'Opportunity', 7060, 'Meeting', '2023-11-16', 'Meeting to discuss consulting services.'),
(9270, 'Opportunity', 7060, 'Task', '2023-11-17', 'Prepare consulting agreement.'),
(9271, 'Campaign', 8026, 'Call', '2024-12-02', 'Called team to plan Holiday Email Campaign.'),
(9272, 'Campaign', 8026, 'Email', '2024-12-03', 'Sent campaign details to marketing team.'),
(9273, 'Campaign', 8027, 'Meeting', '2025-01-02', 'Meeting to discuss New Years Clearance.'),
(9274, 'Campaign', 8027, 'Task', '2025-01-03', 'Prepare promotional materials for campaign.'),
(9275, 'Campaign', 8028, 'Call', '2025-02-02', 'Called team to plan Valentines Day Email Blast.'),
(9276, 'Campaign', 8028, 'Email', '2025-02-03', 'Sent email templates to marketing team.'),
(9277, 'Campaign', 8029, 'Meeting', '2025-03-02', 'Meeting to discuss Spring Social Media Campaign.'),
(9278, 'Campaign', 8029, 'Task', '2025-03-03', 'Prepare social media content for campaign.'),
(9279, 'Campaign', 8030, 'Call', '2025-04-02', 'Called team to plan Easter Promo.'),
(9280, 'Campaign', 8030, 'Email', '2025-04-03', 'Sent promo details to sales team.'),
(9281, 'Ticket', 6026, 'Call', '2023-06-24', 'Called client to resolve account lock issue.'),
(9282, 'Ticket', 6026, 'Email', '2023-06-25', 'Sent instructions to unlock account.'),
(9283, 'Ticket', 6027, 'Meeting', '2023-07-28', 'Meeting to discuss monthly statement discrepancy.'),
(9284, 'Ticket', 6027, 'Task', '2023-07-29', 'Prepare corrected statement for client.'),
(9285, 'Ticket', 6028, 'Call', '2023-08-06', 'Called client to confirm two-factor authentication setup.'),
(9286, 'Ticket', 6028, 'Email', '2023-08-07', 'Sent confirmation email for two-factor authentication.'),
(9287, 'Ticket', 6029, 'Meeting', '2023-09-11', 'Meeting to resolve software download issue.'),
(9288, 'Ticket', 6029, 'Task', '2023-09-12', 'Prepare alternative download link for client.'),
(9289, 'Ticket', 6030, 'Call', '2023-10-16', 'Called client to discuss defective product refund.'),
(9290, 'Ticket', 6030, 'Email', '2023-10-17', 'Sent refund confirmation email.'),
(9291, 'Lead', 26, 'Call', '2023-06-24', 'Called lead to discuss potential partnership.'),
(9292, 'Lead', 26, 'Email', '2023-06-25', 'Sent follow-up email with proposal.'),
(9293, 'Lead', 27, 'Meeting', '2023-07-28', 'Meeting to qualify lead for annual contract.'),
(9294, 'Lead', 27, 'Task', '2023-07-29', 'Prepare contract details for lead.'),
(9295, 'Lead', 28, 'Call', '2023-08-06', 'Called lead to discuss additional services.'),
(9296, 'Lead', 28, 'Email', '2023-08-07', 'Sent service details to lead.'),
(9297, 'Lead', 29, 'Meeting', '2023-09-11', 'Meeting to pitch enterprise product to lead.'),
(9298, 'Lead', 29, 'Task', '2023-09-12', 'Prepare product demo for lead.'),
(9299, 'Lead', 30, 'Call', '2023-10-16', 'Called lead to confirm interest in premium support.'),
(9300, 'Lead', 30, 'Email', '2023-10-17', 'Sent premium support details to lead.'),
(9301, 'Opportunity', 7061, 'Call', '2023-01-26', 'Called client to discuss enterprise plan.'),
(9302, 'Opportunity', 7061, 'Email', '2023-01-27', 'Sent enterprise plan details to client.'),
(9303, 'Opportunity', 7062, 'Meeting', '2023-02-21', 'Meeting to discuss long-term partnership.'),
(9304, 'Opportunity', 7062, 'Task', '2023-02-22', 'Prepare partnership agreement.'),
(9305, 'Opportunity', 7063, 'Call', '2023-03-16', 'Called client to discuss annual subscription renewal.'),
(9306, 'Opportunity', 7063, 'Email', '2023-03-17', 'Sent renewal details to client.'),
(9307, 'Opportunity', 7064, 'Meeting', '2023-04-26', 'Meeting to discuss long-term collaboration.'),
(9308, 'Opportunity', 7064, 'Task', '2023-04-27', 'Prepare collaboration proposal.'),
(9309, 'Opportunity', 7065, 'Call', '2023-05-18', 'Called client to confirm enterprise plan purchase.'),
(9310, 'Opportunity', 7065, 'Email', '2023-05-19', 'Sent invoice for enterprise plan.'),
(9311, 'Opportunity', 7066, 'Meeting', '2023-06-24', 'Meeting to discuss additional services.'),
(9312, 'Opportunity', 7066, 'Task', '2023-06-25', 'Prepare service proposal for client.'),
(9313, 'Opportunity', 7067, 'Call', '2023-07-28', 'Called client to discuss premium support.'),
(9314, 'Opportunity', 7067, 'Email', '2023-07-29', 'Sent premium support details to client.'),
(9315, 'Opportunity', 7068, 'Meeting', '2023-08-06', 'Meeting to discuss new product launch.'),
(9316, 'Opportunity', 7068, 'Task', '2023-08-07', 'Prepare launch plan for client.'),
(9317, 'Opportunity', 7069, 'Call', '2023-09-11', 'Called client to discuss strategic partnership.'),
(9318, 'Opportunity', 7069, 'Email', '2023-09-12', 'Sent partnership proposal to client.'),
(9319, 'Opportunity', 7070, 'Meeting', '2023-10-16', 'Meeting to discuss consulting services.'),
(9320, 'Opportunity', 7070, 'Task', '2023-10-17', 'Prepare consulting agreement.'),
(9321, 'Campaign', 8031, 'Call', '2024-07-02', 'Called team to plan Independence Day Sale.'),
(9322, 'Campaign', 8031, 'Email', '2024-07-03', 'Sent campaign details to marketing team.'),
(9323, 'Campaign', 8032, 'Meeting', '2024-08-02', 'Meeting to discuss Back-to-School Social Media Push.'),
(9324, 'Campaign', 8032, 'Task', '2024-08-03', 'Prepare social media content for campaign.'),
(9325, 'Campaign', 8033, 'Call', '2024-09-02', 'Called team to plan Fall Email Campaign.'),
(9326, 'Campaign', 8033, 'Email', '2024-09-03', 'Sent email templates to marketing team.'),
(9327, 'Campaign', 8034, 'Meeting', '2024-10-02', 'Meeting to discuss Halloween Promo.'),
(9328, 'Campaign', 8034, 'Task', '2024-10-03', 'Prepare promotional materials for campaign.'),
(9329, 'Campaign', 8035, 'Call', '2024-11-26', 'Called team to plan Black Friday Sale.'),
(9330, 'Campaign', 8035, 'Email', '2024-11-27', 'Sent sale details to sales team.'),
(9331, 'Ticket', 6031, 'Call', '2023-06-24', 'Called client to resolve account lock issue.'),
(9332, 'Ticket', 6031, 'Email', '2023-06-25', 'Sent instructions to unlock account.'),
(9333, 'Ticket', 6032, 'Meeting', '2023-07-28', 'Meeting to discuss monthly statement discrepancy.'),
(9334, 'Ticket', 6032, 'Task', '2023-07-29', 'Prepare corrected statement for client.'),
(9335, 'Ticket', 6033, 'Call', '2023-08-06', 'Called client to confirm two-factor authentication setup.'),
(9336, 'Ticket', 6033, 'Email', '2023-08-07', 'Sent confirmation email for two-factor authentication.'),
(9337, 'Ticket', 6034, 'Meeting', '2023-09-11', 'Meeting to resolve software download issue.'),
(9338, 'Ticket', 6034, 'Task', '2023-09-12', 'Prepare alternative download link for client.'),
(9339, 'Ticket', 6035, 'Call', '2023-10-16', 'Called client to discuss defective product refund.'),
(9340, 'Ticket', 6035, 'Email', '2023-10-17', 'Sent refund confirmation email.'),
(9341, 'Lead', 31, 'Call', '2023-06-24', 'Called lead to discuss potential partnership.'),
(9342, 'Lead', 31, 'Email', '2023-06-25', 'Sent follow-up email with proposal.'),
(9343, 'Lead', 32, 'Meeting', '2023-07-28', 'Meeting to qualify lead for annual contract.'),
(9344, 'Lead', 32, 'Task', '2023-07-29', 'Prepare contract details for lead.'),
(9345, 'Lead', 33, 'Call', '2023-08-06', 'Called lead to discuss additional services.'),
(9346, 'Lead', 33, 'Email', '2023-08-07', 'Sent service details to lead.'),
(9347, 'Lead', 34, 'Meeting', '2023-09-11', 'Meeting to pitch enterprise product to lead.'),
(9348, 'Lead', 34, 'Task', '2023-09-12', 'Prepare product demo for lead.'),
(9349, 'Lead', 35, 'Call', '2023-10-16', 'Called lead to confirm interest in premium support.'),
(9350, 'Lead', 35, 'Email', '2023-10-17', 'Sent premium support details to lead.'),
(9351, 'Opportunity', 7071, 'Call', '2023-01-31', 'Called client to discuss enterprise plan.'),
(9352, 'Opportunity', 7071, 'Email', '2023-02-01', 'Sent enterprise plan details to client.'),
(9353, 'Opportunity', 7072, 'Meeting', '2023-03-26', 'Meeting to discuss long-term partnership.'),
(9354, 'Opportunity', 7072, 'Task', '2023-03-27', 'Prepare partnership agreement.'),
(9355, 'Opportunity', 7073, 'Call', '2023-04-21', 'Called client to discuss annual subscription renewal.'),
(9356, 'Opportunity', 7073, 'Email', '2023-04-22', 'Sent renewal details to client.'),
(9357, 'Opportunity', 7074, 'Meeting', '2023-05-26', 'Meeting to discuss long-term collaboration.'),
(9358, 'Opportunity', 7074, 'Task', '2023-05-27', 'Prepare collaboration proposal.'),
(9359, 'Opportunity', 7075, 'Call', '2023-06-18', 'Called client to confirm enterprise plan purchase.'),
(9360, 'Opportunity', 7075, 'Email', '2023-06-19', 'Sent invoice for enterprise plan.'),
(9361, 'Opportunity', 7076, 'Meeting', '2023-07-24', 'Meeting to discuss additional services.'),
(9362, 'Opportunity', 7076, 'Task', '2023-07-25', 'Prepare service proposal for client.'),
(9363, 'Opportunity', 7077, 'Call', '2023-08-28', 'Called client to discuss premium support.'),
(9364, 'Opportunity', 7077, 'Email', '2023-08-29', 'Sent premium support details to client.'),
(9365, 'Opportunity', 7078, 'Meeting', '2023-09-06', 'Meeting to discuss new product launch.'),
(9366, 'Opportunity', 7078, 'Task', '2023-09-07', 'Prepare launch plan for client.'),
(9367, 'Opportunity', 7079, 'Call', '2023-10-11', 'Called client to discuss strategic partnership.'),
(9368, 'Opportunity', 7079, 'Email', '2023-10-12', 'Sent partnership proposal to client.'),
(9369, 'Opportunity', 7080, 'Meeting', '2023-11-16', 'Meeting to discuss consulting services.'),
(9370, 'Opportunity', 7080, 'Task', '2023-11-17', 'Prepare consulting agreement.'),
(9371, 'Campaign', 8036, 'Call', '2024-12-02', 'Called team to plan Holiday Email Campaign.'),
(9372, 'Campaign', 8036, 'Email', '2024-12-03', 'Sent campaign details to marketing team.'),
(9373, 'Campaign', 8037, 'Meeting', '2025-01-02', 'Meeting to discuss New Years Clearance.'),
(9374, 'Campaign', 8037, 'Task', '2025-01-03', 'Prepare promotional materials for campaign.'),
(9375, 'Campaign', 8038, 'Call', '2025-02-02', 'Called team to plan Valentines Day Email Blast.'),
(9376, 'Campaign', 8038, 'Email', '2025-02-03', 'Sent email templates to marketing team.'),
(9377, 'Campaign', 8039, 'Meeting', '2025-03-02', 'Meeting to discuss Spring Social Media Campaign.'),
(9378, 'Campaign', 8039, 'Task', '2025-03-03', 'Prepare social media content for campaign.'),
(9379, 'Campaign', 8040, 'Call', '2025-04-02', 'Called team to plan Easter Promo.'),
(9380, 'Campaign', 8040, 'Email', '2025-04-03', 'Sent promo details to sales team.'),
(9381, 'Ticket', 6036, 'Call', '2023-06-24', 'Called client to resolve account lock issue.'),
(9382, 'Ticket', 6036, 'Email', '2023-06-25', 'Sent instructions to unlock account.'),
(9383, 'Ticket', 6037, 'Meeting', '2023-07-28', 'Meeting to discuss monthly statement discrepancy.'),
(9384, 'Ticket', 6037, 'Task', '2023-07-29', 'Prepare corrected statement for client.'),
(9385, 'Ticket', 6038, 'Call', '2023-08-06', 'Called client to confirm two-factor authentication setup.'),
(9386, 'Ticket', 6038, 'Email', '2023-08-07', 'Sent confirmation email for two-factor authentication.'),
(9387, 'Ticket', 6039, 'Meeting', '2023-09-11', 'Meeting to resolve software download issue.'),
(9388, 'Ticket', 6039, 'Task', '2023-09-12', 'Prepare alternative download link for client.'),
(9389, 'Ticket', 6040, 'Call', '2023-10-16', 'Called client to discuss defective product refund.'),
(9390, 'Ticket', 6040, 'Email', '2023-10-17', 'Sent refund confirmation email.'),
(9391, 'Lead', 36, 'Call', '2023-06-24', 'Called lead to discuss potential partnership.'),
(9392, 'Lead', 36, 'Email', '2023-06-25', 'Sent follow-up email with proposal.'),
(9393, 'Lead', 37, 'Meeting', '2023-07-28', 'Meeting to qualify lead for annual contract.'),
(9394, 'Lead', 37, 'Task', '2023-07-29', 'Prepare contract details for lead.'),
(9395, 'Lead', 38, 'Call', '2023-08-06', 'Called lead to discuss additional services.'),
(9396, 'Lead', 38, 'Email', '2023-08-07', 'Sent service details to lead.'),
(9397, 'Lead', 39, 'Meeting', '2023-09-11', 'Meeting to pitch enterprise product to lead.'),
(9398, 'Lead', 39, 'Task', '2023-09-12', 'Prepare product demo for lead.'),
(9399, 'Lead', 40, 'Call', '2023-10-16', 'Called lead to confirm interest in premium support.'),
(9400, 'Lead', 40, 'Email', '2023-10-17', 'Sent premium support details to lead.'),
(9401, 'Opportunity', 7081, 'Call', '2023-01-26', 'Called client to discuss enterprise plan.'),
(9402, 'Opportunity', 7081, 'Email', '2023-01-27', 'Sent enterprise plan details to client.'),
(9403, 'Opportunity', 7082, 'Meeting', '2023-02-21', 'Meeting to discuss long-term partnership.'),
(9404, 'Opportunity', 7082, 'Task', '2023-02-22', 'Prepare partnership agreement.'),
(9405, 'Opportunity', 7083, 'Call', '2023-03-16', 'Called client to discuss annual subscription renewal.'),
(9406, 'Opportunity', 7083, 'Email', '2023-03-17', 'Sent renewal details to client.'),
(9407, 'Opportunity', 7084, 'Meeting', '2023-04-26', 'Meeting to discuss long-term collaboration.'),
(9408, 'Opportunity', 7084, 'Task', '2023-04-27', 'Prepare collaboration proposal.'),
(9409, 'Opportunity', 7085, 'Call', '2023-05-18', 'Called client to confirm enterprise plan purchase.'),
(9410, 'Opportunity', 7085, 'Email', '2023-05-19', 'Sent invoice for enterprise plan.'),
(9411, 'Opportunity', 7086, 'Meeting', '2023-06-24', 'Meeting to discuss additional services.'),
(9412, 'Opportunity', 7086, 'Task', '2023-06-25', 'Prepare service proposal for client.'),
(9413, 'Opportunity', 7087, 'Call', '2023-07-28', 'Called client to discuss premium support.'),
(9414, 'Opportunity', 7087, 'Email', '2023-07-29', 'Sent premium support details to client.'),
(9415, 'Opportunity', 7088, 'Meeting', '2023-08-06', 'Meeting to discuss new product launch.'),
(9416, 'Opportunity', 7088, 'Task', '2023-08-07', 'Prepare launch plan for client.'),
(9417, 'Opportunity', 7089, 'Call', '2023-09-11', 'Called client to discuss strategic partnership.'),
(9418, 'Opportunity', 7089, 'Email', '2023-09-12', 'Sent partnership proposal to client.'),
(9419, 'Opportunity', 7090, 'Meeting', '2023-10-16', 'Meeting to discuss consulting services.'),
(9420, 'Opportunity', 7090, 'Task', '2023-10-17', 'Prepare consulting agreement.'),
(9421, 'Campaign', 8041, 'Call', '2024-07-02', 'Called team to plan Independence Day Sale.'),
(9422, 'Campaign', 8041, 'Email', '2024-07-03', 'Sent campaign details to marketing team.'),
(9423, 'Campaign', 8042, 'Meeting', '2024-08-02', 'Meeting to discuss Back-to-School Social Media Push.'),
(9424, 'Campaign', 8042, 'Task', '2024-08-03', 'Prepare social media content for campaign.'),
(9425, 'Campaign', 8043, 'Call', '2024-09-02', 'Called team to plan Fall Email Campaign.'),
(9426, 'Campaign', 8043, 'Email', '2024-09-03', 'Sent email templates to marketing team.'),
(9427, 'Campaign', 8044, 'Meeting', '2024-10-02', 'Meeting to discuss Halloween Promo.'),
(9428, 'Campaign', 8044, 'Task', '2024-10-03', 'Prepare promotional materials for campaign.'),
(9429, 'Campaign', 8045, 'Call', '2024-11-26', 'Called team to plan Black Friday Sale.'),
(9430, 'Campaign', 8045, 'Email', '2024-11-27', 'Sent sale details to sales team.'),
(9431, 'Ticket', 6041, 'Call', '2023-06-24', 'Called client to resolve account lock issue.'),
(9432, 'Ticket', 6041, 'Email', '2023-06-25', 'Sent instructions to unlock account.'),
(9433, 'Ticket', 6042, 'Meeting', '2023-07-28', 'Meeting to discuss monthly statement discrepancy.'),
(9434, 'Ticket', 6042, 'Task', '2023-07-29', 'Prepare corrected statement for client.'),
(9435, 'Ticket', 6043, 'Call', '2023-08-06', 'Called client to confirm two-factor authentication setup.'),
(9436, 'Ticket', 6043, 'Email', '2023-08-07', 'Sent confirmation email for two-factor authentication.'),
(9437, 'Ticket', 6044, 'Meeting', '2023-09-11', 'Meeting to resolve software download issue.'),
(9438, 'Ticket', 6044, 'Task', '2023-09-12', 'Prepare alternative download link for client.'),
(9439, 'Ticket', 6045, 'Call', '2023-10-16', 'Called client to discuss defective product refund.'),
(9440, 'Ticket', 6045, 'Email', '2023-10-17', 'Sent refund confirmation email.'),
(9441, 'Lead', 41, 'Call', '2023-06-24', 'Called lead to discuss potential partnership.'),
(9442, 'Lead', 41, 'Email', '2023-06-25', 'Sent follow-up email with proposal.'),
(9443, 'Lead', 42, 'Meeting', '2023-07-28', 'Meeting to qualify lead for annual contract.'),
(9444, 'Lead', 42, 'Task', '2023-07-29', 'Prepare contract details for lead.'),
(9445, 'Lead', 43, 'Call', '2023-08-06', 'Called lead to discuss additional services.'),
(9446, 'Lead', 43, 'Email', '2023-08-07', 'Sent service details to lead.'),
(9447, 'Lead', 44, 'Meeting', '2023-09-11', 'Meeting to pitch enterprise product to lead.'),
(9448, 'Lead', 44, 'Task', '2023-09-12', 'Prepare product demo for lead.'),
(9449, 'Lead', 45, 'Call', '2023-10-16', 'Called lead to confirm interest in premium support.'),
(9450, 'Lead', 45, 'Email', '2023-10-17', 'Sent premium support details to lead.'),
(9451, 'Opportunity', 7091, 'Call', '2023-01-31', 'Called client to discuss enterprise plan.'),
(9452, 'Opportunity', 7091, 'Email', '2023-02-01', 'Sent enterprise plan details to client.'),
(9453, 'Opportunity', 7092, 'Meeting', '2023-03-26', 'Meeting to discuss long-term partnership.'),
(9454, 'Opportunity', 7092, 'Task', '2023-03-27', 'Prepare partnership agreement.'),
(9455, 'Opportunity', 7093, 'Call', '2023-04-21', 'Called client to discuss annual subscription renewal.'),
(9456, 'Opportunity', 7093, 'Email', '2023-04-22', 'Sent renewal details to client.'),
(9457, 'Opportunity', 7094, 'Meeting', '2023-05-26', 'Meeting to discuss long-term collaboration.'),
(9458, 'Opportunity', 7094, 'Task', '2023-05-27', 'Prepare collaboration proposal.'),
(9459, 'Opportunity', 7095, 'Call', '2023-06-18', 'Called client to confirm enterprise plan purchase.'),
(9460, 'Opportunity', 7095, 'Email', '2023-06-19', 'Sent invoice for enterprise plan.'),
(9461, 'Opportunity', 7096, 'Meeting', '2023-07-24', 'Meeting to discuss additional services.'),
(9462, 'Opportunity', 7096, 'Task', '2023-07-25', 'Prepare service proposal for client.'),
(9463, 'Opportunity', 7097, 'Call', '2023-08-28', 'Called client to discuss premium support.'),
(9464, 'Opportunity', 7097, 'Email', '2023-08-29', 'Sent premium support details to client.'),
(9465, 'Opportunity', 7098, 'Meeting', '2023-09-06', 'Meeting to discuss new product launch.'),
(9466, 'Opportunity', 7098, 'Task', '2023-09-07', 'Prepare launch plan for client.'),
(9467, 'Opportunity', 7099, 'Call', '2023-10-11', 'Called client to discuss strategic partnership.'),
(9468, 'Opportunity', 7099, 'Email', '2023-10-12', 'Sent partnership proposal to client.'),
(9469, 'Opportunity', 7100, 'Meeting', '2023-11-16', 'Meeting to discuss consulting services.'),
(9470, 'Opportunity', 7100, 'Task', '2023-11-17', 'Prepare consulting agreement.'),
(9471, 'Campaign', 8046, 'Call', '2024-12-02', 'Called team to plan Holiday Email Campaign.'),
(9472, 'Campaign', 8046, 'Email', '2024-12-03', 'Sent campaign details to marketing team.'),
(9473, 'Campaign', 8047, 'Meeting', '2025-01-02', 'Meeting to discuss New Years Clearance.'),
(9474, 'Campaign', 8047, 'Task', '2025-01-03', 'Prepare promotional materials for campaign.'),
(9475, 'Campaign', 8048, 'Call', '2025-02-02', 'Called team to plan Valentines Day Email Blast.'),
(9476, 'Campaign', 8048, 'Email', '2025-02-03', 'Sent email templates to marketing team.'),
(9477, 'Campaign', 8049, 'Meeting', '2025-03-02', 'Meeting to discuss Spring Social Media Campaign.'),
(9478, 'Campaign', 8049, 'Task', '2025-03-03', 'Prepare social media content for campaign.'),
(9479, 'Campaign', 8050, 'Call', '2025-04-02', 'Called team to plan Easter Promo.'),
(9480, 'Campaign', 8050, 'Email', '2025-04-03', 'Sent promo details to sales team.'),
(9481, 'Ticket', 6046, 'Call', '2023-06-24', 'Called client to resolve account lock issue.'),
(9482, 'Ticket', 6046, 'Email', '2023-06-25', 'Sent instructions to unlock account.'),
(9483, 'Ticket', 6047, 'Meeting', '2023-07-28', 'Meeting to discuss monthly statement discrepancy.'),
(9484, 'Ticket', 6047, 'Task', '2023-07-29', 'Prepare corrected statement for client.'),
(9485, 'Ticket', 6048, 'Call', '2023-08-06', 'Called client to confirm two-factor authentication setup.'),
(9486, 'Ticket', 6048, 'Email', '2023-08-07', 'Sent confirmation email for two-factor authentication.'),
(9487, 'Ticket', 6049, 'Meeting', '2023-09-11', 'Meeting to resolve software download issue.'),
(9488, 'Ticket', 6049, 'Task', '2023-09-12', 'Prepare alternative download link for client.'),
(9489, 'Ticket', 6050, 'Call', '2023-10-16', 'Called client to discuss defective product refund.'),
(9490, 'Ticket', 6050, 'Email', '2023-10-17', 'Sent refund confirmation email.'),
(9491, 'Lead', 46, 'Call', '2023-06-24', 'Called lead to discuss potential partnership.'),
(9492, 'Lead', 46, 'Email', '2023-06-25', 'Sent follow-up email with proposal.'),
(9493, 'Lead', 47, 'Meeting', '2023-07-28', 'Meeting to qualify lead for annual contract.'),
(9494, 'Lead', 47, 'Task', '2023-07-29', 'Prepare contract details for lead.'),
(9495, 'Lead', 48, 'Call', '2023-08-06', 'Called lead to discuss additional services.'),
(9496, 'Lead', 48, 'Email', '2023-08-07', 'Sent service details to lead.'),
(9497, 'Lead', 49, 'Meeting', '2023-09-11', 'Meeting to pitch enterprise product to lead.'),
(9498, 'Lead', 49, 'Task', '2023-09-12', 'Prepare product demo for lead.'),
(9499, 'Lead', 50, 'Call', '2023-10-16', 'Called lead to confirm interest in premium support.'),
(9500, 'Lead', 50, 'Email', '2023-10-17', 'Sent premium support details to lead.');

